"PIN","sex","age","dq_ethnicity_1","dq_ethnicity_2","dq_ethnicity_3","dq_ethnicity_4","dq_ethnicity_5","dq_ethnicity_6","dq_religion1","dq_religion2","dq_religion3","dq_religion4","dq_religion5","dq_religion6","dq_religion7","dq_religion8","dq_religion9","dq_religion10","dq_religion11","dq_religion12","dq_politics1","dq_politics2","dq_politics3","dq_politics4","dq_politics5","dq_politics6","dq_politics7","self_race1","self_race2","self_race3","self_race4","self_race5","self_race6","self_race7","self_religion","self_politics","ideal_affectionate","ideal_ambition","ideal_artistic","ideal_disposition","ideal_family","ideal_health","ideal_humor","ideal_intelligent","ideal_kind","ideal_parenting","ideal_physatt","ideal_religious","ideal_resources","ideal_sexy","ideal_status","ideal_age","self_affectionate_comp","self_ambition_comp","self_artistic_comp","self_disposition_comp","self_family_comp","self_health_comp","self_humor_comp","self_intelligent_comp","self_kind_comp","self_parenting_comp","self_physatt_comp","self_religious_comp","self_resources_comp","self_sexy_comp","self_status_comp","self_age"
335,0,31,NA,1,1,1,1,NA,NA,NA,1,NA,NA,NA,NA,NA,1,1,NA,NA,NA,NA,1,NA,NA,NA,NA,1,NA,NA,NA,NA,NA,NA,8,4,10,6,7,8,7,10,7,10,7,7,7,5,9,8,9,2,5,6,8,9,10,8,8,6,6,7,6,4,7,7,8,1
452,0,21,NA,1,NA,NA,NA,NA,1,NA,NA,NA,NA,NA,NA,NA,NA,NA,NA,NA,1,NA,NA,NA,NA,NA,NA,NA,NA,NA,1,NA,NA,NA,1,1,10,7,5,9,6,7,7,7,9,9,7,5,8,7,8,1,7,7,7,9,8,8,8,8,8,9,8,5,8,9,8,0
343,0,22,NA,NA,NA,NA,NA,NA,NA,NA,NA,NA,NA,NA,NA,NA,NA,NA,NA,NA,NA,NA,NA,NA,NA,NA,NA,NA,1,NA,NA,NA,NA,NA,1,1,3,5,5,5,6,6,6,4,5,4,4,7,5,5,5,0,4,5,6,6,7,6,3,6,6,3,6,7,7,5,5,1
290,0,23,NA,1,NA,NA,NA,NA,NA,NA,NA,NA,NA,1,NA,NA,NA,NA,NA,NA,1,NA,NA,NA,NA,NA,NA,NA,NA,NA,NA,NA,1,NA,2,7,7,5,4,5,5,5,6,6,4,5,5,0,7,8,5,4,5,5,5,4,4,7,4,4,4,5,4,2,4,4,4,1
398,0,29,NA,NA,NA,NA,NA,1,NA,1,NA,NA,NA,NA,NA,NA,NA,NA,NA,NA,NA,NA,NA,NA,NA,NA,1,NA,NA,NA,NA,NA,1,NA,2,7,10,8,6,10,7,9,8,10,10,8,9,1,10,10,7,2,9,8,6,9,8,6,7,9,10,9,8,0,8,9,8,1
385,0,22,1,1,NA,NA,NA,NA,NA,1,NA,1,1,1,1,1,1,1,1,NA,1,1,NA,NA,NA,1,1,NA,NA,NA,NA,NA,1,NA,1,4,8,7,6,6,5,5,6,7,7,7,9,5,6,7,7,1,8,8,9,7,9,6,7,8,6,8,7,7,6,8,7,0
424,0,31,NA,NA,NA,NA,NA,1,NA,NA,NA,NA,NA,NA,NA,NA,NA,NA,NA,1,NA,NA,1,NA,NA,NA,NA,NA,NA,NA,NA,NA,1,NA,12,3,7,5,7,7,7,7,6,6,5,5,6,1,6,6,7,1,6,3,5,4,7,3,4,5,6,5,4,3,4,4,4,1
314,0,24,1,NA,NA,NA,1,1,1,NA,1,1,1,1,1,1,1,NA,1,NA,NA,1,NA,NA,NA,NA,NA,NA,NA,NA,NA,NA,NA,1,13,1,6,6,4,5,4,7,3,6,6,6,5,8,5,5,6,2,6,7,7,6,4,5,5,8,7,5,7,8,5,8,7,1
413,0,25,1,1,1,1,1,1,NA,NA,NA,NA,NA,NA,NA,NA,NA,NA,1,NA,NA,NA,NA,1,NA,NA,NA,1,NA,NA,NA,NA,NA,NA,11,4,7,5,3,2,6,7,7,4,4,6,4,7,5,7,5,2,6,5,6,4,7,5,5,6,6,6,5,4,4,5,4,1
410,0,18,NA,NA,NA,NA,NA,NA,1,NA,NA,NA,NA,NA,NA,NA,NA,NA,NA,NA,NA,NA,NA,NA,1,1,1,NA,NA,NA,NA,NA,1,NA,1,4,8,7,5,7,8,9,5,7,5,7,5,3,7,8,6,3,7,6,5,7,7,7,7,7,8,7,7,4,7,6,6,2
285,0,25,1,1,1,1,1,1,NA,NA,NA,NA,NA,NA,NA,NA,NA,NA,NA,1,NA,NA,NA,1,NA,NA,NA,NA,1,NA,NA,NA,NA,NA,12,4,5,5,3,6,8,6,7,6,8,6,5,3,8,4,5,1,7,6,7,7,6,6,9,9,8,8,5,5,6,8,7,0
344,0,34,NA,1,NA,NA,NA,NA,NA,NA,NA,NA,NA,NA,NA,NA,NA,NA,NA,1,NA,NA,NA,1,NA,NA,NA,NA,1,NA,NA,NA,NA,NA,12,4,10,10,4,8,8,9,8,10,9,10,7,1,8,9,8,1,10,10,4,6,7,7,8,9,10,9,9,1,5,10,6,1
469,0,23,NA,NA,NA,1,1,NA,NA,1,1,1,1,1,1,1,1,1,1,1,NA,NA,NA,NA,NA,1,1,NA,NA,NA,NA,NA,1,NA,1,2,9,9,7,8,8,6,9,9,10,10,8,5,9,9,8,2,8,7,8,8,10,8,7,8,8,8,6,4,6,7,5,1
279,0,19,NA,NA,NA,NA,NA,NA,NA,NA,NA,NA,NA,NA,NA,NA,NA,NA,NA,NA,1,1,1,1,NA,NA,NA,NA,NA,1,NA,NA,1,NA,2,7,3,4,6,5,5,5,7,6,4,4,5,7,6,5,7,1,4,4,7,4,6,6,6,6,5,3,4,7,6,4,5,1
349,0,19,NA,NA,NA,NA,NA,1,NA,NA,NA,NA,NA,NA,NA,NA,NA,1,NA,NA,NA,NA,NA,NA,1,NA,NA,NA,NA,1,NA,NA,NA,NA,2,1,5,6,4,4,6,7,6,6,7,8,6,2,6,6,6,1,5,7,6,7,4,9,7,6,7,8,5,6,5,6,7,1
493,0,25,NA,1,NA,NA,NA,NA,NA,NA,NA,NA,NA,NA,NA,NA,NA,NA,NA,1,NA,NA,NA,NA,NA,NA,1,1,NA,NA,NA,NA,NA,NA,2,4,4,4,2,5,6,4,5,4,5,4,3,0,5,4,3,2,4,4,2,4,3,5,4,5,3,4,5,0,4,4,3,1
488,0,21,NA,NA,NA,NA,NA,NA,NA,NA,NA,NA,NA,NA,NA,NA,NA,1,NA,NA,NA,NA,NA,NA,NA,NA,NA,NA,NA,1,NA,NA,NA,NA,12,4,6,6,7,8,7,6,8,7,9,6,7,1,8,8,7,1,9,8,6,9,8,6,9,5,9,7,10,1,8,7,7,2
455,0,24,NA,NA,NA,NA,NA,NA,NA,1,1,1,1,1,1,1,1,1,1,1,1,NA,NA,NA,NA,NA,NA,1,NA,NA,NA,NA,NA,NA,1,6,5,5,3,3,6,6,4,4,2,6,5,5,5,4,7,3,6,5,0,3,5,4,3,6,4,6,6,5,5,6,4,2
445,0,30,NA,NA,NA,NA,NA,1,NA,1,NA,NA,NA,NA,NA,NA,NA,NA,NA,NA,NA,NA,NA,1,NA,NA,NA,NA,NA,NA,NA,NA,1,NA,2,4,7,5,6,5,6,5,7,6,6,7,8,5,7,6,5,2,7,7,4,8,5,5,8,8,8,8,5,7,7,7,6,2
375,0,20,NA,NA,NA,NA,NA,NA,NA,NA,NA,NA,NA,NA,NA,NA,NA,NA,NA,NA,1,1,NA,NA,NA,NA,1,NA,NA,1,NA,NA,NA,NA,2,5,4,7,5,5,7,7,7,8,4,8,2,0,5,6,6,0,5,4,4,4,4,5,7,5,5,7,5,2,2,5,3,1
257,0,21,NA,NA,NA,NA,NA,1,1,NA,NA,NA,NA,NA,NA,NA,NA,NA,NA,NA,NA,NA,NA,NA,NA,1,NA,NA,NA,NA,NA,NA,1,NA,1,6,6,8,5,6,8,7,7,6,8,8,5,6,7,6,8,1,6,8,6,5,7,6,7,5,7,8,5,8,7,4,7,0
456,0,25,NA,NA,NA,NA,NA,NA,NA,NA,NA,NA,NA,NA,NA,NA,NA,NA,NA,NA,NA,NA,NA,NA,NA,NA,NA,NA,NA,NA,NA,NA,1,NA,11,4,7,9,6,6,6,9,8,10,9,7,8,7,9,8,10,1,8,7,8,8,10,9,9,8,10,7,8,6,10,7,10,2
422,0,30,NA,NA,NA,NA,NA,1,NA,1,NA,NA,NA,NA,NA,NA,NA,NA,NA,NA,NA,NA,NA,1,NA,NA,NA,NA,NA,NA,NA,NA,1,NA,2,3,6,5,4,5,5,5,4,5,5,8,5,6,2,5,3,1,8,6,6,5,6,5,5,7,7,9,9,9,4,8,6,1
332,0,22,NA,1,NA,NA,1,NA,NA,NA,1,NA,NA,NA,1,1,1,NA,NA,NA,NA,NA,NA,NA,NA,NA,1,NA,NA,NA,NA,NA,1,NA,1,2,5,4,3,3,7,8,5,6,4,3,3,4,5,4,7,3,7,4,4,4,8,6,6,6,6,4,5,6,6,6,4,1
441,0,18,NA,1,NA,NA,NA,NA,1,NA,NA,NA,NA,NA,NA,NA,NA,NA,NA,NA,NA,NA,NA,1,NA,NA,NA,NA,1,NA,NA,NA,NA,NA,1,4,8,9,8,10,9,7,10,10,10,10,6,6,10,9,7,2,9,8,5,7,8,5,9,7,9,8,8,3,6,8,7,1
258,0,23,NA,NA,NA,NA,NA,NA,NA,NA,NA,NA,NA,NA,NA,NA,NA,NA,NA,NA,NA,NA,NA,NA,NA,NA,NA,NA,NA,NA,NA,NA,1,NA,12,4,10,9,3,7,6,4,9,8,9,6,9,2,9,8,6,1,10,7,7,6,7,8,6,7,8,5,7,3,6,8,5,2
326,0,30,NA,1,NA,NA,NA,NA,NA,1,NA,NA,NA,NA,NA,NA,NA,NA,NA,NA,NA,NA,1,NA,NA,NA,NA,NA,1,NA,NA,NA,NA,NA,2,3,10,6,4,8,7,5,7,5,9,9,7,3,7,7,6,1,10,8,4,10,7,6,7,7,9,10,8,5,8,9,7,1
280,0,19,NA,NA,1,NA,NA,NA,NA,1,NA,NA,NA,NA,NA,NA,NA,NA,NA,NA,NA,NA,1,NA,NA,NA,NA,NA,1,1,NA,NA,NA,NA,2,5,9,7,4,6,6,6,6,7,7,6,5,3,6,5,5,3,9,7,8,6,5,4,6,7,9,8,5,5,7,7,6,1
252,0,27,NA,NA,NA,NA,NA,NA,NA,NA,NA,NA,NA,NA,NA,NA,NA,NA,NA,NA,1,1,1,1,NA,NA,NA,NA,NA,1,NA,NA,NA,NA,11,7,7,6,4,6,5,3,4,4,5,6,0,0,2,4,5,2,5,4,2,6,2,3,3,3,5,4,3,2,3,3,3,2
414,0,24,NA,NA,NA,NA,NA,NA,1,NA,1,NA,NA,NA,NA,NA,NA,NA,NA,NA,NA,1,1,NA,NA,NA,NA,NA,NA,NA,NA,NA,1,NA,2,4,6,6,6,6,7,7,6,7,4,6,5,1,4,5,6,1,7,7,7,7,6,7,8,8,7,8,8,2,5,8,6,1
416,0,24,NA,NA,1,NA,1,NA,NA,1,NA,NA,NA,NA,NA,NA,NA,NA,NA,NA,1,NA,NA,NA,NA,NA,1,1,NA,NA,NA,NA,NA,NA,2,4,9,8,5,8,6,7,8,7,10,10,7,2,6,8,5,1,5,6,4,6,5,6,7,6,5,8,8,0,6,6,5,1
269,0,27,NA,NA,NA,NA,NA,NA,NA,NA,NA,NA,NA,NA,NA,NA,NA,NA,NA,NA,1,1,NA,NA,NA,NA,NA,NA,NA,1,NA,NA,1,NA,11,6,7,10,7,7,7,8,9,8,8,5,4,5,9,6,8,1,8,8,7,6,6,6,6,8,8,3,8,5,6,7,7,0
346,0,23,NA,1,1,NA,NA,NA,NA,NA,NA,NA,NA,NA,NA,NA,NA,NA,NA,1,1,NA,NA,NA,NA,NA,NA,NA,1,1,NA,NA,NA,NA,11,1,9,9,5,10,7,7,8,10,8,7,8,0,8,8,7,2,6,6,4,6,4,4,4,5,5,4,4,1,3,3,5,2
281,0,24,NA,NA,NA,1,1,NA,1,1,NA,1,NA,NA,1,1,NA,NA,NA,NA,NA,NA,1,NA,1,NA,NA,NA,1,NA,NA,NA,NA,NA,12,3,10,8,7,8,7,9,8,9,8,9,6,4,8,9,7,1,9,7,5,5,4,5,8,6,9,7,7,3,6,7,4,0
268,0,19,NA,NA,NA,NA,NA,NA,NA,NA,NA,NA,NA,NA,NA,NA,NA,NA,NA,NA,NA,NA,NA,NA,NA,NA,NA,NA,NA,NA,NA,NA,1,NA,11,7,7,9,6,8,7,8,10,8,8,9,7,10,9,6,7,1,7,9,7,8,10,8,9,9,10,9,8,6,9,8,9,2
473,0,25,NA,NA,NA,NA,NA,NA,NA,NA,NA,NA,NA,NA,NA,NA,NA,1,1,NA,1,NA,NA,NA,NA,NA,NA,NA,NA,NA,NA,NA,1,NA,1,5,7,8,5,6,7,9,5,6,5,5,5,8,7,5,5,3,7,6,7,6,7,6,5,7,5,5,6,5,7,4,6,2
472,0,22,NA,NA,NA,NA,NA,NA,NA,NA,NA,NA,NA,NA,NA,NA,NA,NA,NA,NA,NA,NA,NA,NA,NA,NA,NA,NA,1,NA,NA,NA,NA,NA,2,6,7,7,7,5,5,7,7,9,6,8,6,6,6,6,7,1,7,8,9,6,10,6,8,8,9,10,7,6,6,7,7,0
302,0,21,NA,NA,NA,NA,NA,NA,NA,NA,NA,NA,NA,NA,NA,NA,NA,1,NA,NA,NA,NA,NA,NA,NA,NA,NA,NA,NA,1,NA,NA,NA,NA,12,4,2,7,4,4,4,5,6,4,7,7,5,4,6,5,7,1,4,5,8,5,6,4,6,6,5,6,6,4,5,6,7,0
388,0,20,NA,NA,NA,NA,NA,1,NA,1,NA,NA,NA,NA,NA,NA,NA,NA,NA,NA,NA,NA,NA,NA,NA,NA,1,NA,NA,NA,NA,NA,1,NA,2,2,10,10,10,10,10,7,9,9,10,10,10,7,10,9,9,1,10,9,10,8,9,7,10,8,10,9,8,6,8,8,10,2
255,0,30,NA,NA,NA,NA,NA,NA,1,1,1,NA,NA,NA,NA,NA,NA,NA,NA,NA,1,1,NA,NA,NA,NA,NA,NA,NA,NA,NA,NA,1,NA,12,6,8,9,8,8,9,9,7,5,8,10,9,9,7,6,8,3,7,5,4,6,7,5,6,6,6,9,8,8,7,6,7,3
342,0,22,NA,NA,NA,NA,NA,NA,NA,NA,NA,NA,NA,NA,NA,NA,NA,NA,NA,NA,1,NA,NA,NA,NA,NA,NA,1,NA,NA,NA,NA,NA,NA,11,5,3,6,4,3,7,5,4,5,4,7,7,7,5,3,4,1,3,4,5,5,6,5,3,5,3,6,5,9,3,4,3,1
282,0,27,NA,NA,NA,NA,NA,NA,NA,NA,NA,NA,NA,NA,NA,NA,NA,NA,NA,NA,NA,NA,1,NA,NA,NA,NA,NA,NA,NA,NA,NA,1,NA,10,3,6,9,4,5,7,7,6,5,8,8,6,2,7,9,5,1,7,6,4,6,5,5,6,5,7,7,7,2,4,7,5,2
484,0,31,NA,NA,NA,NA,NA,1,NA,NA,NA,NA,NA,NA,NA,NA,NA,NA,NA,1,NA,NA,1,NA,NA,NA,NA,NA,NA,NA,NA,NA,1,NA,12,3,9,7,4,6,5,6,7,6,7,7,6,4,7,6,7,1,8,9,8,7,7,6,5,8,8,7,8,5,8,6,6,1
465,0,24,NA,NA,NA,NA,NA,1,NA,NA,NA,NA,NA,NA,NA,NA,NA,NA,1,NA,NA,NA,NA,NA,NA,NA,1,NA,NA,NA,NA,NA,1,NA,11,7,7,6,6,6,5,7,8,8,8,8,5,4,7,6,6,1,8,8,7,6,6,5,8,6,7,8,6,5,4,6,6,0
267,0,34,NA,1,NA,NA,NA,NA,NA,NA,NA,NA,NA,NA,NA,NA,NA,NA,NA,1,NA,NA,NA,1,NA,NA,NA,NA,1,NA,NA,NA,NA,NA,12,4,8,6,6,9,6,6,8,6,7,7,6,7,8,7,6,0,7,8,6,7,8,7,8,5,8,5,6,6,6,6,6,0
392,0,31,NA,NA,NA,NA,NA,1,NA,1,NA,NA,NA,NA,NA,NA,NA,NA,NA,NA,NA,NA,NA,1,NA,NA,NA,NA,NA,NA,NA,NA,1,NA,2,4,8,10,8,9,10,7,9,9,9,10,8,7,8,9,9,1,8,6,9,6,8,7,6,7,9,10,9,7,5,9,8,1
301,0,29,NA,NA,NA,NA,NA,NA,NA,NA,NA,NA,NA,NA,NA,NA,NA,NA,NA,NA,NA,NA,NA,NA,NA,NA,NA,NA,1,NA,NA,NA,1,NA,1,5,9,6,9,8,6,9,8,8,6,8,9,7,6,9,7,1,7,8,9,5,7,8,8,8,5,6,7,7,8,7,7,0
270,0,22,NA,NA,NA,1,1,NA,NA,NA,NA,NA,NA,NA,NA,1,NA,1,NA,NA,NA,NA,NA,1,NA,NA,NA,NA,NA,1,NA,NA,NA,NA,2,4,9,8,6,8,9,7,5,8,7,10,6,3,6,8,9,1,10,9,8,9,4,5,6,7,7,10,7,2,5,8,7,1
315,0,28,NA,1,NA,NA,NA,NA,NA,NA,NA,NA,NA,NA,NA,1,NA,1,NA,NA,NA,NA,NA,NA,1,1,1,NA,NA,NA,NA,NA,1,NA,12,1,4,8,7,7,7,6,7,6,9,8,6,2,7,7,7,0,7,9,8,6,7,6,6,8,9,9,6,5,5,7,4,2
373,0,27,NA,NA,NA,NA,NA,1,NA,NA,NA,NA,NA,NA,NA,NA,NA,1,NA,NA,NA,NA,NA,1,NA,NA,NA,NA,NA,NA,NA,NA,1,NA,10,4,7,8,5,8,6,6,9,9,9,6,10,6,10,9,9,1,7,9,8,9,9,9,7,8,10,7,9,7,10,9,6,0
251,0,21,1,1,1,NA,1,1,NA,NA,NA,NA,NA,NA,1,NA,NA,NA,NA,NA,NA,NA,NA,1,NA,NA,NA,NA,1,NA,NA,NA,NA,NA,7,4,6,5,6,4,8,6,6,7,5,7,6,5,7,6,3,5,8,6,6,6,7,8,7,8,5,6,7,7,7,9,6,3
404,0,20,1,NA,1,NA,NA,1,1,NA,NA,NA,NA,NA,NA,NA,NA,1,1,NA,NA,NA,NA,NA,NA,1,NA,NA,NA,1,NA,NA,NA,NA,11,6,5,4,3,5,4,6,5,5,4,4,5,5,3,5,7,2,4,5,2,3,4,4,6,5,3,3,5,4,4,3,3,1
358,0,23,NA,NA,NA,NA,1,NA,NA,NA,NA,1,NA,NA,NA,NA,NA,NA,NA,NA,1,NA,NA,NA,NA,NA,1,NA,NA,NA,NA,NA,1,NA,2,4,4,6,7,5,5,5,6,4,6,6,4,7,6,5,6,2,7,4,4,4,5,2,4,4,4,5,4,5,2,5,4,1
476,0,26,NA,1,NA,1,1,NA,1,NA,NA,NA,NA,NA,NA,NA,NA,NA,1,NA,NA,NA,NA,NA,1,NA,NA,NA,NA,NA,NA,NA,1,NA,12,6,8,10,3,8,5,8,7,8,8,7,9,0,8,7,9,1,8,8,4,6,6,7,6,10,8,8,10,1,8,7,9,1
374,0,26,NA,NA,NA,NA,NA,1,1,NA,NA,NA,NA,NA,NA,NA,NA,NA,NA,NA,NA,NA,NA,1,NA,NA,NA,NA,NA,NA,NA,NA,1,NA,13,4,9,7,9,8,9,9,8,8,10,9,8,3,8,8,5,1,9,7,6,9,9,7,9,7,9,7,10,0,9,10,7,1
470,0,26,NA,NA,NA,NA,1,NA,NA,NA,NA,NA,NA,NA,NA,NA,NA,NA,NA,1,NA,1,NA,NA,NA,NA,NA,1,NA,NA,NA,NA,NA,NA,9,4,6,7,8,6,9,9,9,7,5,9,7,6,6,6,8,0,6,4,4,5,6,8,7,7,6,6,8,6,7,5,4,0
437,0,27,NA,1,NA,NA,1,1,NA,NA,1,1,1,1,1,NA,1,NA,NA,NA,1,1,1,NA,1,1,1,NA,NA,NA,NA,NA,1,NA,12,4,7,6,2,6,8,5,4,4,5,3,5,3,4,7,5,2,8,6,5,6,6,6,5,6,5,2,7,2,7,6,7,1
461,0,27,NA,NA,NA,NA,NA,NA,NA,NA,NA,NA,NA,NA,NA,NA,NA,1,1,1,NA,NA,NA,NA,NA,NA,1,NA,NA,1,1,NA,NA,NA,1,3,10,8,5,7,6,7,8,7,8,7,7,3,8,7,7,2,9,7,6,6,7,6,7,8,8,8,7,1,7,8,7,1
265,0,21,NA,NA,NA,NA,NA,1,NA,NA,NA,NA,NA,NA,NA,NA,NA,NA,NA,1,1,1,1,NA,NA,NA,NA,1,NA,NA,NA,NA,NA,NA,10,7,9,10,6,7,6,8,10,10,9,5,10,0,7,10,10,2,9,9,6,8,4,7,10,10,8,5,9,0,6,10,6,1
475,0,31,NA,1,1,1,1,NA,NA,NA,1,NA,NA,NA,NA,NA,1,1,NA,NA,NA,NA,1,NA,NA,NA,NA,1,NA,NA,NA,NA,NA,NA,8,4,8,6,7,7,4,7,6,7,6,6,6,6,4,5,8,3,5,5,7,7,6,7,8,6,6,3,7,7,5,5,6,2
253,0,19,NA,NA,NA,NA,NA,NA,NA,NA,NA,NA,NA,NA,NA,NA,NA,NA,NA,NA,1,1,1,1,NA,NA,NA,NA,NA,1,NA,NA,1,NA,2,7,4,4,5,5,4,5,5,7,7,6,2,5,5,6,3,3,4,3,6,3,6,4,5,6,5,6,2,5,4,4,4,2
312,0,29,1,NA,NA,NA,1,NA,NA,NA,NA,NA,NA,NA,NA,NA,NA,1,NA,NA,NA,NA,NA,NA,NA,1,1,NA,NA,NA,NA,NA,1,NA,12,4,8,9,8,8,10,7,10,8,7,7,8,5,8,8,10,1,8,9,6,7,7,8,9,9,7,6,9,7,9,9,9,1
277,0,21,NA,NA,1,NA,NA,NA,NA,1,NA,NA,NA,NA,NA,NA,NA,NA,NA,NA,NA,NA,NA,1,NA,NA,NA,NA,NA,1,NA,NA,NA,NA,2,4,5,7,6,7,6,4,5,6,6,5,6,7,6,5,7,3,6,6,7,7,3,7,5,6,5,6,6,9,6,7,5,1
365,0,18,NA,NA,NA,NA,NA,NA,NA,NA,NA,NA,NA,NA,NA,NA,NA,NA,NA,NA,NA,NA,NA,NA,NA,NA,NA,NA,1,NA,NA,NA,NA,NA,1,4,9,9,10,5,10,10,9,8,10,9,9,9,10,8,9,1,10,8,10,10,9,10,10,8,10,9,10,10,9,8,7,1
372,0,20,NA,NA,NA,NA,NA,NA,NA,NA,NA,1,1,1,1,1,1,1,1,1,NA,NA,NA,NA,NA,NA,NA,NA,NA,NA,NA,NA,1,NA,2,6,7,5,8,5,5,4,4,7,6,5,5,5,5,7,5,4,9,5,7,7,7,6,6,7,8,7,9,7,6,10,4,2
379,0,26,NA,NA,NA,NA,NA,NA,NA,NA,NA,NA,NA,NA,NA,NA,NA,NA,NA,NA,NA,NA,NA,NA,NA,NA,NA,1,NA,NA,NA,NA,NA,NA,8,5,9,7,4,9,6,7,10,7,10,8,7,3,9,8,6,3,8,6,5,6,7,5,8,4,7,5,7,1,6,7,5,3
264,0,29,NA,NA,NA,NA,1,NA,1,1,1,1,1,1,NA,1,1,1,1,1,1,NA,NA,NA,NA,NA,NA,1,NA,NA,NA,NA,NA,NA,7,6,7,4,6,7,6,4,6,5,6,6,6,5,7,7,6,2,8,5,6,7,3,4,7,7,7,6,5,4,4,7,6,1
496,0,23,1,NA,NA,1,NA,1,1,NA,NA,1,1,1,1,NA,1,NA,1,NA,1,NA,NA,1,NA,NA,1,1,NA,NA,NA,NA,NA,NA,8,5,9,7,7,7,6,8,8,7,6,6,6,5,7,6,8,2,9,8,7,7,8,7,7,7,8,5,9,4,8,7,7,2
338,0,22,NA,NA,NA,NA,NA,NA,NA,NA,NA,NA,NA,NA,NA,NA,NA,NA,NA,NA,NA,NA,NA,NA,NA,NA,1,NA,NA,NA,NA,NA,1,NA,1,2,7,5,5,7,6,8,5,8,8,2,6,3,7,7,6,2,6,7,6,3,6,6,5,6,8,6,6,2,5,7,4,2
436,0,19,NA,1,NA,NA,NA,NA,NA,NA,NA,NA,NA,NA,NA,NA,NA,NA,NA,1,NA,1,NA,1,NA,1,NA,NA,1,NA,NA,NA,NA,NA,12,5,8,6,10,8,10,10,7,8,9,9,8,8,9,10,6,2,8,8,8,6,8,5,7,8,8,9,8,7,6,7,7,1
401,0,29,NA,NA,NA,NA,NA,NA,NA,NA,NA,NA,NA,NA,NA,NA,NA,NA,NA,NA,1,NA,NA,NA,NA,NA,NA,NA,NA,NA,NA,NA,1,NA,12,7,7,6,8,6,8,8,5,8,7,7,7,6,5,7,5,1,7,6,5,5,6,6,7,7,6,8,4,5,3,6,5,1
367,0,28,NA,NA,NA,NA,NA,1,NA,NA,NA,NA,NA,NA,NA,NA,NA,NA,NA,1,NA,NA,NA,1,NA,NA,NA,NA,NA,NA,NA,NA,1,NA,13,5,4,6,2,5,4,4,4,5,5,3,4,1,4,3,4,0,5,8,5,6,5,6,4,7,7,7,6,3,4,7,4,1
467,0,19,NA,1,NA,NA,NA,NA,NA,NA,NA,NA,NA,NA,NA,NA,NA,NA,NA,1,NA,NA,NA,1,NA,NA,NA,NA,1,NA,NA,NA,NA,NA,13,3,7,6,5,7,3,5,3,4,6,5,6,8,4,3,4,2,3,5,6,3,0,4,4,4,5,5,4,6,4,5,4,2
402,0,18,NA,1,1,1,NA,1,NA,NA,NA,NA,NA,NA,NA,NA,NA,NA,NA,NA,1,1,1,NA,NA,NA,NA,1,NA,NA,NA,NA,1,NA,10,6,4,7,8,7,4,6,8,6,7,5,7,8,8,8,6,2,8,8,7,5,5,10,7,7,7,5,7,7,5,7,6,1
500,0,21,NA,NA,NA,NA,NA,1,1,NA,NA,NA,NA,NA,NA,NA,NA,NA,NA,NA,NA,NA,NA,NA,NA,1,NA,NA,NA,NA,NA,NA,1,NA,1,6,10,10,6,9,10,10,10,10,9,10,8,10,10,9,9,1,10,10,7,9,9,10,10,10,10,9,10,10,9,10,9,1
256,0,22,NA,NA,NA,NA,NA,NA,NA,NA,NA,NA,NA,NA,NA,NA,NA,NA,NA,NA,NA,NA,NA,NA,NA,NA,NA,NA,NA,NA,NA,NA,1,NA,2,5,7,7,7,8,7,10,7,7,7,6,8,2,8,7,9,2,3,5,4,5,7,6,7,6,6,4,5,2,6,3,7,1
498,0,22,1,1,1,1,1,1,NA,NA,NA,NA,NA,NA,NA,1,NA,1,NA,1,NA,NA,NA,1,NA,NA,NA,NA,NA,NA,NA,NA,1,NA,13,4,10,7,8,8,8,9,8,8,6,8,5,9,7,7,7,2,9,9,6,7,4,9,9,7,8,7,8,8,5,8,6,1
304,0,23,NA,1,NA,NA,NA,NA,NA,NA,NA,NA,NA,NA,NA,NA,NA,1,NA,NA,1,NA,NA,NA,NA,NA,NA,1,NA,NA,NA,NA,NA,NA,10,5,6,8,5,7,9,8,7,9,7,8,8,8,6,8,6,1,7,8,6,7,7,7,6,8,7,8,7,9,7,7,6,1
298,0,26,NA,NA,NA,NA,NA,NA,NA,NA,NA,NA,NA,NA,NA,NA,NA,1,1,NA,1,1,1,1,NA,NA,NA,NA,NA,1,NA,NA,NA,NA,2,7,6,5,4,6,5,7,6,4,6,5,8,1,6,6,7,1,4,6,5,5,6,5,6,6,7,6,6,2,5,6,5,0
276,0,25,NA,NA,1,NA,NA,NA,NA,NA,NA,NA,NA,NA,1,NA,NA,NA,NA,NA,NA,NA,NA,NA,NA,NA,1,NA,NA,NA,NA,NA,1,NA,1,4,6,5,5,4,4,4,6,5,4,5,7,4,6,5,3,1,6,5,7,7,4,6,7,5,6,5,7,2,5,9,7,0
483,0,27,NA,NA,NA,NA,NA,1,NA,NA,NA,NA,NA,NA,NA,NA,NA,NA,NA,1,NA,NA,NA,NA,1,NA,NA,NA,NA,NA,NA,NA,1,NA,12,5,10,8,7,9,8,7,9,9,10,9,8,5,10,7,8,2,6,7,7,9,10,7,8,9,9,7,8,6,9,6,6,3
444,0,30,NA,NA,NA,NA,NA,1,NA,1,NA,NA,NA,NA,NA,NA,NA,NA,NA,NA,NA,NA,NA,1,NA,NA,NA,NA,NA,NA,NA,NA,1,NA,2,3,8,8,7,9,7,7,5,6,7,9,8,2,6,9,7,1,7,7,5,5,3,5,6,6,4,3,4,1,3,6,5,1
394,0,30,NA,NA,NA,1,NA,NA,NA,NA,NA,NA,NA,NA,1,NA,NA,NA,NA,NA,1,NA,NA,NA,NA,NA,NA,NA,NA,NA,1,NA,NA,NA,7,1,6,7,8,7,5,6,9,7,7,6,9,6,7,6,6,3,8,6,4,7,4,7,5,6,6,5,7,5,5,8,6,1
415,0,25,NA,NA,NA,NA,NA,1,NA,NA,NA,NA,NA,NA,1,NA,NA,NA,NA,NA,NA,NA,NA,NA,1,NA,NA,NA,NA,NA,NA,NA,1,NA,13,5,10,7,6,9,10,9,9,10,8,10,8,7,9,8,7,1,8,6,4,6,8,8,6,6,7,8,7,7,9,6,6,1
336,0,30,NA,1,NA,NA,NA,NA,NA,1,NA,NA,NA,NA,NA,NA,NA,NA,NA,NA,NA,NA,1,NA,NA,NA,NA,NA,1,NA,NA,NA,NA,NA,2,3,7,4,4,6,3,5,4,6,3,3,5,2,4,8,4,3,5,5,2,5,6,4,5,5,5,3,6,1,6,7,4,2
286,0,26,NA,NA,NA,NA,NA,1,1,NA,NA,NA,NA,NA,NA,NA,NA,NA,NA,NA,NA,NA,NA,1,NA,NA,NA,NA,NA,NA,NA,NA,1,NA,13,4,6,5,6,5,8,5,6,6,7,6,5,5,7,6,6,1,8,8,8,8,9,5,7,8,6,7,6,8,7,7,7,0
446,0,24,NA,NA,NA,NA,NA,NA,1,NA,1,NA,NA,NA,NA,NA,NA,NA,NA,NA,NA,1,1,NA,NA,NA,NA,NA,NA,NA,NA,NA,1,NA,2,4,3,3,3,3,4,5,4,5,3,6,4,8,5,6,5,1,2,3,5,3,7,5,5,5,6,4,5,6,3,5,6,0
353,0,25,1,1,1,1,1,1,NA,NA,NA,NA,NA,NA,NA,NA,NA,NA,1,NA,NA,NA,NA,1,NA,NA,NA,1,NA,NA,NA,NA,NA,NA,11,4,8,9,9,8,10,7,9,6,7,8,9,9,5,7,8,1,8,7,6,8,8,7,9,9,7,4,9,5,8,8,7,2
371,0,33,NA,NA,NA,NA,NA,NA,NA,NA,NA,NA,NA,NA,NA,NA,NA,NA,NA,NA,NA,NA,NA,NA,NA,NA,NA,NA,NA,NA,NA,NA,1,NA,3,4,9,10,6,8,9,7,9,9,9,9,10,3,8,10,10,1,10,9,7,8,9,8,10,8,9,8,10,4,7,10,8,1
490,0,29,NA,NA,NA,NA,NA,NA,NA,NA,NA,NA,NA,NA,NA,NA,NA,NA,NA,NA,NA,NA,NA,NA,NA,NA,NA,NA,1,NA,NA,NA,1,NA,1,5,7,9,5,6,8,6,8,9,9,8,4,5,7,9,7,1,7,7,5,8,10,5,8,7,9,6,6,4,8,9,7,1
440,0,30,NA,1,NA,NA,NA,NA,NA,1,NA,NA,NA,NA,NA,NA,NA,NA,NA,NA,NA,NA,1,NA,NA,NA,NA,NA,1,NA,NA,NA,NA,NA,2,3,4,7,5,6,8,7,7,5,9,8,8,8,7,8,8,2,6,4,6,7,6,6,8,6,7,7,7,9,7,8,8,3
481,0,29,NA,NA,NA,NA,NA,NA,NA,NA,NA,NA,NA,NA,NA,NA,NA,NA,NA,NA,NA,NA,NA,NA,NA,NA,NA,NA,1,NA,NA,NA,1,NA,1,5,8,10,5,7,4,6,8,9,10,7,7,6,7,4,5,1,9,7,6,7,5,4,7,7,8,7,6,1,5,5,7,1
390,0,24,NA,NA,NA,1,NA,NA,NA,NA,NA,1,NA,1,NA,NA,NA,NA,NA,NA,1,1,NA,NA,NA,NA,NA,NA,NA,NA,NA,NA,1,NA,11,7,4,4,7,4,5,6,5,6,5,6,4,1,3,7,6,0,5,3,3,4,6,4,3,3,5,4,4,0,3,4,4,0
439,0,23,1,NA,NA,1,NA,1,1,NA,NA,1,1,1,1,NA,1,NA,1,NA,1,NA,NA,1,NA,NA,1,1,NA,NA,NA,NA,NA,NA,8,5,9,9,6,6,7,9,8,7,8,7,10,6,4,7,9,6,7,7,6,7,6,8,7,5,9,6,6,6,5,7,7,3
271,0,26,NA,NA,NA,NA,NA,1,NA,NA,NA,NA,NA,NA,NA,NA,NA,NA,NA,1,NA,1,NA,NA,NA,NA,NA,NA,NA,NA,NA,NA,1,NA,12,4,10,10,7,8,8,8,9,10,9,10,7,2,7,9,9,1,8,8,5,7,6,6,5,8,6,7,7,1,5,8,5,0
448,0,25,NA,NA,NA,NA,1,NA,NA,NA,1,1,1,1,NA,1,1,1,1,NA,1,1,1,NA,NA,NA,NA,NA,1,NA,NA,NA,NA,NA,1,6,3,3,6,3,5,6,3,6,3,4,5,3,5,4,4,1,3,3,4,2,7,4,2,3,5,5,3,2,6,3,4,1
333,0,21,NA,1,NA,NA,NA,NA,1,NA,NA,NA,NA,NA,NA,NA,NA,NA,NA,NA,1,NA,NA,NA,NA,NA,NA,NA,NA,NA,1,NA,NA,NA,1,1,7,9,4,8,9,5,7,5,6,8,8,5,7,6,9,1,6,5,6,7,7,5,8,4,7,6,7,4,5,7,7,1
421,0,27,NA,NA,NA,NA,NA,1,NA,NA,NA,NA,NA,NA,NA,NA,NA,1,NA,NA,NA,NA,NA,1,NA,NA,NA,NA,NA,NA,NA,NA,1,NA,10,4,8,8,6,7,7,6,8,8,7,7,9,2,8,10,9,1,7,6,5,8,7,6,6,8,8,8,6,1,8,6,9,0
432,0,25,NA,NA,NA,NA,1,NA,NA,NA,1,1,1,1,NA,1,1,1,1,NA,1,1,1,NA,NA,NA,NA,NA,1,NA,NA,NA,NA,NA,1,6,9,5,5,4,8,6,8,6,7,7,7,7,8,7,5,1,6,4,5,1,6,4,6,6,6,6,6,5,5,7,4,0
396,0,18,NA,NA,NA,NA,NA,1,NA,1,NA,NA,NA,NA,NA,NA,NA,NA,NA,NA,NA,1,NA,NA,NA,NA,NA,NA,NA,NA,NA,NA,1,NA,2,2,6,5,4,5,5,5,4,4,5,5,4,3,4,5,5,3,2,3,2,1,2,3,3,2,2,3,2,2,2,2,1,3
442,0,26,NA,NA,NA,NA,NA,NA,NA,NA,NA,NA,NA,NA,NA,NA,NA,NA,NA,NA,NA,NA,NA,NA,NA,NA,NA,1,NA,NA,NA,NA,NA,NA,8,5,6,4,9,6,3,6,4,5,5,4,8,2,7,9,5,2,6,7,5,5,6,7,5,5,7,5,8,0,4,8,6,2
460,0,25,1,NA,1,NA,NA,NA,NA,NA,NA,NA,NA,1,1,1,1,1,1,1,NA,NA,NA,1,NA,NA,1,NA,NA,NA,NA,NA,1,NA,3,6,7,8,6,5,6,7,6,8,8,5,5,6,8,6,6,3,7,7,7,8,9,6,5,6,8,5,6,5,5,5,7,2
307,0,30,NA,NA,NA,NA,NA,1,NA,1,NA,NA,NA,NA,NA,NA,NA,NA,NA,NA,NA,NA,NA,NA,NA,NA,1,NA,NA,NA,NA,NA,1,NA,2,7,6,5,5,7,8,3,8,5,5,4,7,8,5,6,5,2,8,5,1,6,5,7,8,7,7,7,7,8,6,8,7,0
354,0,33,NA,NA,NA,NA,NA,1,NA,NA,NA,NA,NA,NA,1,NA,NA,NA,NA,NA,NA,NA,NA,NA,NA,NA,1,NA,NA,NA,NA,NA,1,NA,7,7,3,4,8,6,4,7,6,5,6,4,6,2,6,4,6,1,3,4,7,7,7,7,4,5,5,4,6,1,7,4,6,2
329,0,22,NA,1,NA,NA,NA,NA,NA,1,NA,NA,NA,NA,NA,NA,NA,NA,NA,NA,NA,NA,NA,1,NA,NA,NA,NA,1,NA,NA,NA,NA,NA,2,3,6,5,9,7,5,6,6,5,8,7,6,6,7,6,5,1,8,9,7,10,7,6,7,8,6,7,8,6,7,8,9,1
328,0,30,NA,1,NA,NA,NA,NA,1,1,1,NA,NA,NA,NA,NA,NA,NA,NA,1,NA,NA,NA,NA,NA,1,NA,NA,1,NA,NA,NA,NA,NA,12,7,8,7,5,8,9,8,6,4,7,7,6,8,6,7,4,2,4,5,6,5,6,5,5,5,5,7,5,5,4,5,6,1
451,0,26,NA,NA,NA,NA,NA,NA,NA,NA,NA,NA,NA,NA,NA,NA,NA,1,1,NA,1,1,1,1,NA,NA,NA,NA,NA,1,NA,NA,NA,NA,2,7,7,9,6,9,9,8,9,9,7,7,7,5,8,7,8,3,9,8,7,8,7,8,10,9,9,9,9,6,7,9,8,1
306,0,28,NA,NA,1,1,1,NA,NA,NA,NA,1,1,1,1,1,1,NA,NA,NA,NA,NA,NA,NA,NA,NA,NA,NA,NA,NA,NA,NA,1,NA,1,4,5,7,8,8,5,6,8,8,7,9,10,3,8,9,8,3,3,6,5,7,3,7,7,6,5,8,4,5,6,6,6,2
294,0,26,NA,NA,NA,NA,NA,1,NA,NA,NA,NA,NA,NA,NA,NA,NA,NA,NA,1,NA,1,NA,NA,NA,NA,NA,NA,NA,NA,NA,NA,1,NA,12,4,6,7,5,5,6,7,7,6,3,6,4,8,4,3,5,1,6,7,3,4,3,7,3,5,5,8,5,6,3,5,4,1
497,0,22,1,1,1,NA,1,NA,NA,NA,1,1,1,1,1,1,1,1,1,NA,NA,NA,NA,1,1,1,1,NA,NA,NA,NA,NA,1,NA,1,1,7,7,7,5,6,7,4,5,6,3,4,4,6,7,6,2,5,7,6,7,8,7,7,7,7,4,8,4,9,6,8,0
477,0,27,NA,NA,NA,NA,NA,1,NA,NA,NA,NA,NA,NA,NA,NA,NA,NA,NA,1,NA,NA,NA,NA,1,NA,NA,NA,NA,NA,NA,NA,1,NA,12,5,9,6,7,9,7,7,7,8,6,6,6,8,6,7,6,3,10,6,5,7,3,6,6,8,7,7,7,6,9,8,7,2
359,0,26,NA,NA,NA,1,NA,NA,NA,NA,NA,NA,NA,NA,NA,NA,NA,NA,1,NA,NA,NA,NA,1,NA,NA,NA,NA,NA,NA,NA,NA,1,NA,1,3,9,8,6,10,5,7,9,8,8,3,6,1,6,8,5,2,9,6,4,5,2,7,9,6,6,2,7,0,5,6,6,2
411,0,28,NA,NA,NA,NA,NA,1,1,NA,NA,NA,NA,NA,NA,NA,NA,NA,NA,NA,NA,NA,NA,NA,1,NA,NA,NA,NA,NA,NA,NA,1,NA,1,4,5,5,5,5,3,5,6,6,6,0,4,4,3,3,3,1,5,4,4,4,3,5,5,5,3,1,4,4,4,6,3,0
292,0,26,1,NA,NA,NA,NA,NA,NA,1,NA,NA,NA,NA,NA,NA,NA,NA,NA,NA,NA,NA,NA,NA,NA,1,NA,1,NA,NA,NA,NA,NA,NA,2,7,10,6,6,7,7,8,8,8,9,9,8,1,10,8,7,2,10,10,6,8,9,8,10,8,9,8,9,0,8,10,9,1
266,0,23,NA,NA,NA,1,1,NA,NA,1,1,1,1,1,1,1,1,1,1,1,NA,NA,NA,NA,NA,1,1,NA,NA,NA,NA,NA,1,NA,1,2,8,8,8,7,9,6,7,9,9,9,7,6,9,9,9,1,8,8,9,10,10,6,9,8,10,8,9,3,8,9,8,0
357,0,23,NA,NA,NA,NA,NA,NA,NA,NA,NA,NA,NA,NA,NA,NA,NA,NA,NA,NA,NA,NA,NA,NA,NA,NA,NA,NA,NA,NA,NA,NA,1,NA,12,4,7,8,9,9,10,10,9,6,10,10,7,10,6,7,7,2,6,8,9,10,10,9,7,6,8,10,10,10,9,8,8,2
407,0,25,NA,1,NA,NA,NA,NA,1,1,1,1,1,1,1,1,1,NA,1,1,1,NA,NA,NA,NA,NA,1,NA,NA,NA,NA,NA,1,NA,13,5,6,7,6,8,7,6,8,7,7,8,9,9,7,8,7,1,6,8,6,4,6,7,6,6,6,9,8,10,4,7,7,1
438,0,20,1,NA,1,NA,NA,1,1,NA,NA,NA,NA,NA,NA,NA,NA,1,1,NA,NA,NA,NA,NA,NA,1,NA,NA,NA,1,NA,NA,NA,NA,11,6,7,9,6,8,6,7,8,7,6,9,9,9,7,9,8,1,5,7,5,7,5,6,7,7,5,7,7,8,6,6,6,1
325,0,22,NA,NA,NA,NA,NA,NA,NA,NA,NA,NA,NA,NA,NA,NA,NA,NA,NA,NA,NA,NA,NA,NA,NA,NA,NA,NA,1,NA,NA,NA,NA,NA,2,6,5,6,6,6,6,6,5,5,6,4,4,6,5,6,5,1,5,3,3,6,4,7,6,5,5,6,8,7,7,6,3,1
389,0,35,NA,1,NA,NA,1,NA,NA,NA,NA,NA,NA,NA,1,1,NA,1,1,NA,1,NA,NA,NA,NA,NA,1,NA,NA,NA,1,NA,1,NA,12,4,6,4,5,6,5,8,6,7,7,6,7,5,6,8,7,1,7,6,6,4,6,6,6,7,6,7,8,5,6,9,7,0
297,0,27,NA,NA,NA,NA,NA,NA,NA,NA,NA,NA,NA,NA,NA,NA,NA,NA,NA,NA,1,1,NA,NA,NA,NA,NA,NA,NA,1,NA,NA,1,NA,11,6,6,6,5,6,2,5,5,6,7,7,6,0,7,6,6,2,8,7,4,8,3,6,7,6,7,8,7,0,7,6,6,2
464,0,19,NA,NA,NA,NA,NA,1,1,NA,NA,NA,NA,NA,NA,NA,NA,NA,NA,NA,1,NA,NA,NA,NA,NA,NA,NA,NA,NA,NA,NA,1,NA,1,1,10,10,7,10,7,7,10,10,8,7,10,9,8,7,7,3,8,10,7,7,2,6,10,9,10,8,9,8,7,7,7,1
486,0,27,NA,NA,NA,NA,NA,NA,NA,NA,NA,NA,NA,NA,NA,NA,NA,NA,NA,NA,1,1,NA,NA,NA,NA,NA,NA,NA,1,NA,NA,1,NA,11,6,0,5,4,4,4,4,6,5,5,0,4,5,5,6,5,1,5,2,4,3,5,5,4,5,3,2,6,3,5,6,5,2
289,0,24,NA,NA,1,NA,1,NA,NA,1,NA,NA,NA,NA,NA,NA,NA,NA,NA,NA,1,NA,NA,NA,NA,NA,1,1,NA,NA,NA,NA,NA,NA,2,4,7,6,6,7,5,4,8,4,9,8,5,5,7,7,6,1,5,7,8,9,8,6,7,7,9,9,7,8,7,7,9,1
387,0,27,NA,NA,NA,NA,1,NA,NA,NA,1,NA,NA,NA,1,NA,NA,1,NA,NA,NA,NA,NA,NA,NA,1,1,NA,NA,NA,NA,NA,1,NA,12,1,9,10,8,9,9,9,9,10,10,10,10,7,10,10,10,1,9,7,9,9,9,8,8,7,8,9,7,6,6,8,7,0
468,0,21,NA,NA,NA,NA,NA,NA,NA,1,1,1,1,1,1,1,1,1,1,1,NA,NA,NA,NA,1,1,1,NA,NA,NA,NA,NA,1,NA,1,1,10,6,8,6,7,8,4,9,8,8,7,6,5,8,9,1,8,9,3,4,8,6,5,7,8,7,9,2,5,9,6,0
382,0,34,NA,1,NA,NA,NA,NA,1,NA,NA,NA,NA,NA,NA,NA,NA,NA,NA,NA,NA,NA,NA,NA,1,NA,NA,NA,1,NA,NA,NA,NA,NA,12,4,10,8,9,9,8,8,8,6,10,8,10,9,9,5,9,3,8,9,8,9,10,8,6,8,10,9,10,8,10,6,7,2
284,0,22,NA,NA,NA,NA,NA,NA,NA,NA,NA,NA,NA,NA,NA,NA,NA,NA,NA,NA,NA,NA,NA,NA,NA,NA,1,NA,NA,NA,NA,NA,1,NA,1,2,8,6,5,4,4,5,5,5,6,5,5,5,6,9,7,2,5,3,6,6,6,3,5,6,7,6,6,4,4,8,6,0
435,0,18,NA,1,NA,NA,NA,NA,1,NA,NA,NA,NA,NA,NA,NA,NA,NA,NA,NA,1,NA,NA,NA,NA,NA,NA,NA,1,NA,NA,NA,NA,NA,1,1,7,7,5,6,5,7,7,8,7,5,6,2,4,3,5,2,6,7,7,5,6,5,6,8,6,4,6,1,7,3,6,0
370,0,22,NA,NA,NA,NA,NA,NA,NA,NA,NA,NA,NA,NA,NA,NA,NA,NA,NA,NA,NA,NA,NA,NA,NA,NA,NA,NA,NA,NA,NA,NA,1,NA,2,5,7,5,5,3,7,5,6,5,5,8,6,4,6,6,6,4,7,6,6,7,7,5,7,7,8,7,5,2,8,8,8,2
369,0,34,NA,1,NA,NA,NA,NA,NA,NA,NA,NA,NA,NA,NA,NA,NA,NA,NA,1,NA,1,NA,NA,NA,NA,NA,NA,1,NA,NA,NA,NA,NA,2,4,10,7,9,9,9,6,7,8,9,9,7,9,6,7,9,1,10,5,8,7,9,5,6,6,9,9,9,7,8,7,5,0
377,0,22,NA,NA,NA,NA,NA,NA,NA,NA,NA,NA,NA,NA,NA,NA,NA,NA,NA,NA,NA,NA,NA,1,NA,NA,NA,NA,1,NA,NA,NA,NA,NA,1,4,4,6,6,5,6,6,8,4,8,6,8,6,7,5,6,1,6,5,6,3,7,6,7,8,8,3,6,4,6,5,4,0
360,0,30,NA,NA,NA,NA,NA,1,NA,1,NA,NA,NA,NA,NA,NA,NA,NA,NA,NA,NA,NA,NA,NA,1,NA,NA,NA,NA,NA,NA,NA,1,NA,2,5,8,6,6,8,8,9,7,9,6,8,7,4,5,8,7,1,8,5,3,5,7,5,6,6,5,7,6,3,6,8,6,1
492,0,18,NA,1,NA,NA,NA,NA,1,NA,NA,NA,NA,NA,NA,NA,NA,NA,NA,NA,NA,NA,NA,1,NA,NA,NA,NA,1,NA,NA,NA,NA,NA,1,4,7,8,5,8,6,8,6,8,6,8,9,6,6,9,7,0,6,9,7,8,7,8,6,8,8,9,8,4,8,8,5,1
352,0,34,NA,1,NA,NA,NA,NA,NA,NA,NA,NA,NA,NA,NA,NA,NA,NA,NA,1,NA,1,NA,NA,NA,NA,NA,NA,1,NA,NA,NA,NA,NA,2,4,6,5,3,6,6,5,8,6,8,5,7,8,8,6,7,1,8,5,2,5,7,5,7,7,6,7,7,5,6,6,6,0
350,0,22,NA,NA,NA,1,1,NA,NA,NA,NA,NA,NA,NA,NA,1,NA,1,NA,NA,NA,NA,NA,1,NA,NA,NA,NA,NA,1,NA,NA,NA,NA,2,4,6,7,6,5,6,6,7,8,8,5,7,7,7,7,7,1,7,8,7,5,9,5,5,8,5,6,7,7,6,8,8,1
458,0,24,NA,NA,1,NA,NA,NA,NA,NA,NA,NA,NA,NA,NA,NA,1,1,NA,NA,NA,NA,NA,NA,NA,NA,1,1,NA,NA,NA,NA,NA,NA,7,5,9,8,6,7,8,7,8,10,8,7,8,5,7,9,6,3,10,6,5,9,10,8,7,9,8,7,7,2,5,10,9,2
320,0,27,NA,NA,NA,NA,NA,NA,NA,NA,NA,NA,NA,NA,NA,NA,NA,1,1,1,NA,NA,NA,NA,NA,NA,1,NA,NA,1,1,NA,NA,NA,1,3,9,10,9,10,8,8,8,8,8,10,7,8,9,7,7,1,8,9,8,8,3,7,9,8,7,6,7,8,6,9,7,1
259,0,18,NA,1,NA,NA,NA,NA,NA,1,NA,NA,NA,NA,NA,NA,NA,NA,NA,NA,NA,NA,NA,NA,NA,1,NA,NA,1,NA,NA,NA,NA,NA,2,6,6,9,10,9,10,10,10,10,6,10,8,8,10,10,10,2,10,9,9,9,9,10,10,10,10,9,10,9,8,10,10,3
403,0,18,NA,1,NA,NA,NA,NA,1,NA,NA,NA,NA,NA,NA,NA,NA,NA,NA,NA,NA,NA,NA,1,NA,NA,NA,NA,1,NA,NA,NA,NA,NA,1,4,9,8,6,7,10,7,8,7,5,6,4,5,4,6,5,6,8,3,3,6,4,4,5,5,6,5,4,6,4,5,4,3
260,0,28,NA,NA,NA,1,NA,NA,NA,NA,NA,NA,NA,NA,1,NA,NA,NA,NA,NA,1,1,NA,NA,NA,NA,NA,NA,NA,NA,NA,NA,1,NA,10,4,9,7,10,8,9,9,10,9,9,8,9,6,10,10,9,1,8,7,10,6,7,7,9,6,9,7,8,5,5,9,8,1
272,0,24,NA,1,NA,NA,NA,NA,NA,NA,NA,NA,NA,NA,NA,NA,1,NA,NA,NA,NA,NA,NA,1,NA,NA,NA,NA,1,NA,NA,NA,NA,NA,9,4,7,6,5,7,7,7,5,7,7,9,6,2,5,6,5,2,6,7,6,6,9,6,6,7,8,8,7,3,5,8,7,0
426,0,29,NA,NA,NA,NA,1,NA,1,1,1,1,1,1,NA,1,1,1,1,1,1,NA,NA,NA,NA,NA,NA,1,NA,NA,NA,NA,NA,NA,7,6,8,7,8,7,5,8,7,7,9,7,6,2,6,6,8,1,7,7,7,8,7,7,7,7,7,8,7,5,7,6,7,1
334,0,32,NA,NA,NA,NA,NA,NA,NA,1,1,1,1,1,NA,NA,NA,NA,NA,NA,1,1,1,NA,NA,NA,NA,NA,NA,NA,NA,NA,1,NA,11,5,8,6,6,4,2,2,5,4,7,6,5,5,4,7,4,2,5,3,4,5,3,5,3,3,6,5,3,4,5,4,5,1
366,0,21,NA,NA,1,NA,NA,NA,NA,NA,NA,NA,NA,NA,NA,NA,NA,1,NA,NA,NA,NA,NA,NA,1,NA,NA,NA,NA,NA,NA,NA,1,NA,13,4,9,9,5,8,6,6,8,7,8,8,9,3,8,9,7,1,6,8,4,7,7,8,8,7,7,8,8,1,6,6,7,1
453,0,18,NA,NA,1,NA,NA,NA,NA,NA,NA,NA,NA,NA,1,1,1,1,1,1,1,1,NA,NA,NA,NA,NA,NA,1,NA,NA,NA,NA,NA,1,5,10,9,10,9,10,8,8,5,9,7,6,10,9,8,9,2,8,8,10,9,10,9,7,10,9,10,10,10,9,8,9,2
419,0,24,NA,NA,1,NA,NA,NA,NA,NA,NA,NA,NA,NA,NA,NA,1,NA,NA,NA,NA,NA,1,NA,NA,NA,NA,NA,NA,NA,NA,NA,1,NA,11,4,7,9,6,9,7,5,6,8,9,6,7,5,10,8,7,3,10,10,8,10,9,8,7,10,9,9,7,5,7,8,8,1
485,0,26,NA,NA,NA,NA,NA,NA,NA,NA,NA,NA,NA,NA,NA,NA,NA,1,1,NA,1,1,1,1,NA,NA,NA,NA,NA,1,NA,NA,NA,NA,2,7,5,5,3,6,3,5,4,6,6,3,7,6,8,3,6,2,7,8,6,4,5,6,5,7,6,2,6,6,8,5,7,0
466,0,24,NA,NA,NA,NA,NA,NA,NA,NA,NA,NA,NA,NA,NA,NA,NA,NA,NA,NA,NA,NA,NA,NA,NA,NA,NA,NA,NA,NA,NA,NA,1,NA,1,2,10,10,7,9,10,9,9,10,10,10,10,10,10,10,10,2,10,10,7,8,10,9,9,10,10,10,10,10,10,10,8,2
443,0,23,NA,1,1,NA,NA,NA,NA,NA,NA,NA,NA,NA,NA,NA,NA,NA,NA,1,1,NA,NA,NA,NA,NA,NA,NA,1,1,NA,NA,NA,NA,11,1,7,3,5,7,4,5,4,7,6,4,5,5,5,6,6,3,6,7,8,6,7,4,5,6,7,4,4,4,6,4,7,2
321,0,27,1,NA,1,NA,1,NA,NA,NA,1,NA,NA,NA,1,NA,1,1,NA,NA,1,NA,NA,NA,NA,NA,NA,NA,NA,NA,NA,NA,1,NA,12,5,10,8,6,9,7,6,7,6,10,7,7,1,8,10,9,1,7,8,5,9,7,7,6,8,8,8,9,0,8,7,8,1
434,0,21,1,NA,1,1,1,1,1,1,NA,NA,NA,NA,NA,NA,NA,NA,NA,NA,1,NA,NA,NA,NA,NA,NA,NA,1,NA,NA,NA,1,NA,13,4,5,6,7,5,8,6,8,6,6,5,5,7,3,4,5,1,6,7,5,8,6,5,8,6,7,7,6,8,6,7,7,0
262,0,19,NA,NA,NA,NA,NA,NA,NA,NA,NA,NA,NA,NA,NA,NA,NA,NA,NA,NA,1,1,1,1,NA,NA,NA,NA,NA,1,NA,NA,1,NA,2,7,6,5,4,5,6,5,6,3,6,4,6,7,4,7,5,2,6,5,5,5,3,5,6,6,7,4,5,3,5,7,6,1
409,0,26,NA,NA,NA,NA,NA,1,NA,NA,NA,NA,NA,NA,NA,NA,NA,NA,NA,1,NA,1,NA,NA,NA,NA,NA,NA,NA,NA,NA,NA,1,NA,12,4,8,7,6,8,8,10,6,9,6,7,7,5,7,7,8,1,7,9,8,9,9,8,9,7,8,9,8,5,7,8,8,0
418,0,18,NA,1,1,1,NA,1,NA,NA,NA,NA,NA,NA,NA,NA,NA,NA,NA,NA,1,1,1,NA,NA,NA,NA,1,NA,NA,NA,NA,1,NA,10,6,4,3,4,5,5,6,5,5,5,6,6,9,5,6,4,1,4,6,5,4,3,6,4,5,5,7,6,9,4,5,5,1
316,0,30,NA,NA,NA,NA,NA,1,NA,1,NA,NA,NA,NA,NA,NA,NA,NA,NA,NA,NA,NA,NA,NA,1,NA,NA,NA,NA,NA,NA,NA,1,NA,2,5,7,7,8,8,9,7,8,9,8,9,8,10,9,10,8,2,5,8,9,8,9,7,9,5,5,8,7,10,8,8,10,1
287,0,35,NA,1,NA,NA,1,NA,NA,NA,NA,NA,NA,NA,1,1,NA,1,1,NA,1,NA,NA,NA,NA,NA,1,NA,NA,NA,1,NA,1,NA,12,4,6,6,5,8,6,6,4,5,5,4,5,6,7,6,3,3,6,8,5,7,6,5,6,5,6,5,6,5,6,6,7,2
327,0,19,NA,1,NA,NA,NA,NA,NA,NA,NA,NA,NA,NA,NA,NA,NA,NA,NA,1,NA,NA,NA,1,NA,NA,NA,NA,1,NA,NA,NA,NA,NA,13,3,5,5,5,7,7,4,4,3,7,5,4,5,5,4,5,1,6,3,4,4,5,6,6,5,5,7,7,7,6,5,4,1
324,0,31,NA,NA,NA,NA,NA,1,NA,NA,NA,NA,NA,NA,1,NA,NA,NA,NA,NA,NA,NA,1,NA,NA,NA,NA,NA,NA,NA,NA,NA,1,NA,7,3,7,5,5,2,7,8,3,6,4,4,6,1,6,5,7,1,6,8,7,4,6,6,6,8,7,3,7,2,6,7,7,1
383,0,19,NA,1,NA,NA,1,NA,NA,NA,NA,NA,NA,NA,NA,NA,NA,NA,NA,1,1,NA,NA,NA,NA,NA,NA,NA,NA,NA,NA,NA,1,NA,2,4,7,7,5,5,7,5,6,7,7,8,6,6,6,8,8,4,7,7,5,7,7,4,6,7,7,9,6,7,6,7,6,2
263,0,24,NA,NA,NA,NA,NA,1,1,NA,NA,NA,NA,NA,NA,NA,NA,NA,NA,NA,NA,1,NA,NA,NA,NA,NA,NA,NA,NA,NA,NA,1,NA,1,1,4,6,5,5,5,5,6,5,8,7,3,7,5,6,6,2,5,5,5,4,3,5,6,4,4,4,4,8,3,5,5,2
450,0,30,1,1,1,1,1,1,1,1,1,1,1,1,1,1,1,1,1,1,NA,NA,1,1,1,1,NA,NA,NA,1,NA,NA,NA,NA,2,5,8,7,5,8,7,7,9,7,8,9,7,7,9,8,6,1,8,5,6,5,6,5,6,7,7,6,9,5,5,7,5,1
254,0,27,1,NA,1,NA,1,NA,NA,NA,1,NA,NA,NA,1,NA,1,1,NA,NA,1,NA,NA,NA,NA,NA,NA,NA,NA,NA,NA,NA,1,NA,12,5,7,7,4,8,9,8,9,6,7,9,9,9,8,7,8,1,5,6,5,4,9,6,6,7,7,9,8,8,8,6,7,1
330,0,24,1,1,NA,1,NA,NA,NA,NA,1,1,1,1,1,1,1,1,1,NA,NA,NA,NA,1,1,1,1,NA,NA,1,NA,NA,NA,NA,1,2,10,9,9,9,7,9,8,8,8,9,8,6,8,9,7,2,10,7,3,6,7,7,8,7,8,8,8,3,5,7,8,2
347,0,23,NA,1,NA,1,1,NA,NA,NA,NA,NA,NA,NA,1,NA,NA,1,1,NA,NA,NA,NA,NA,NA,NA,1,NA,NA,NA,NA,NA,1,NA,2,1,8,8,6,7,7,9,10,7,7,6,6,9,7,6,8,2,7,5,4,6,7,7,8,6,5,6,7,5,8,6,8,1
433,0,30,NA,NA,NA,NA,NA,1,NA,1,NA,NA,NA,NA,NA,NA,NA,NA,NA,NA,NA,NA,NA,NA,1,NA,NA,NA,NA,NA,NA,NA,1,NA,2,5,9,8,6,5,7,5,5,5,6,9,6,7,5,7,7,2,7,6,7,9,7,6,5,8,7,9,7,7,6,8,6,0
355,0,24,NA,NA,NA,NA,NA,1,1,NA,NA,NA,NA,NA,NA,NA,NA,NA,NA,NA,NA,1,NA,NA,NA,NA,NA,NA,NA,NA,NA,NA,1,NA,1,1,6,6,5,7,6,8,7,5,5,6,7,6,5,6,7,2,7,7,7,5,7,6,7,8,7,9,7,6,6,8,7,2
288,0,18,NA,NA,NA,NA,NA,1,NA,1,NA,NA,NA,NA,NA,NA,NA,NA,NA,NA,NA,1,NA,NA,NA,NA,NA,NA,NA,NA,NA,NA,1,NA,2,2,7,7,5,5,7,7,5,5,6,6,8,2,7,8,7,1,6,6,4,4,4,6,4,5,4,4,5,1,4,5,6,1
463,0,24,NA,NA,NA,1,NA,NA,NA,NA,NA,1,NA,1,NA,NA,NA,NA,NA,NA,1,1,NA,NA,NA,NA,NA,NA,NA,NA,NA,NA,1,NA,11,7,10,7,6,7,10,6,9,7,7,10,4,7,5,8,4,2,8,6,5,8,8,3,7,7,5,8,7,4,5,5,5,3
250,0,22,NA,NA,NA,NA,NA,NA,NA,1,1,1,1,1,1,1,1,1,1,NA,NA,NA,NA,NA,NA,1,1,NA,NA,NA,NA,NA,1,NA,1,2,4,6,6,3,4,8,4,6,6,4,6,4,4,6,6,6,5,6,6,5,3,6,6,7,6,4,8,2,5,7,8,3
293,0,22,NA,NA,NA,NA,NA,NA,NA,1,1,NA,NA,NA,NA,NA,NA,NA,NA,NA,1,1,NA,NA,NA,NA,NA,NA,NA,1,NA,NA,1,NA,11,7,5,9,5,7,7,5,7,8,8,6,6,4,7,6,7,3,9,9,7,8,8,10,7,10,10,6,8,4,8,10,7,1
428,0,28,1,1,1,NA,NA,1,1,NA,NA,NA,1,NA,NA,NA,NA,NA,NA,NA,NA,NA,NA,NA,1,1,NA,NA,NA,NA,NA,NA,1,NA,5,6,9,7,7,7,7,7,5,7,7,7,9,7,6,7,9,2,9,8,3,9,6,7,5,7,9,7,8,7,8,10,8,2
309,0,23,NA,1,NA,NA,NA,NA,NA,NA,NA,NA,NA,NA,1,NA,NA,NA,NA,NA,NA,NA,NA,1,1,1,1,NA,NA,NA,NA,NA,1,NA,1,1,8,7,7,7,6,6,4,7,7,6,5,6,6,6,8,2,6,4,7,7,7,5,6,4,6,7,4,7,5,5,5,2
275,0,25,NA,NA,NA,NA,NA,1,NA,1,NA,NA,NA,NA,NA,NA,NA,NA,NA,NA,NA,NA,NA,NA,1,NA,NA,NA,NA,NA,NA,NA,1,NA,2,6,6,7,8,8,6,6,6,3,6,8,6,2,5,8,7,1,5,7,6,8,5,8,9,5,6,7,8,3,7,7,7,2
340,0,27,NA,NA,NA,NA,NA,NA,NA,NA,NA,NA,NA,NA,NA,NA,NA,NA,NA,NA,NA,NA,NA,NA,NA,NA,NA,1,NA,NA,NA,NA,NA,NA,13,4,10,5,7,8,7,6,9,5,6,5,8,4,5,8,6,1,7,7,5,8,5,6,10,8,6,6,7,6,8,8,6,1
478,0,25,1,NA,1,NA,NA,NA,NA,NA,NA,NA,NA,1,1,1,1,1,1,1,NA,NA,NA,1,NA,NA,1,NA,NA,NA,NA,NA,1,NA,3,6,7,6,5,8,6,7,4,8,5,5,5,5,6,6,6,2,8,8,4,7,5,5,5,8,8,8,7,5,7,7,6,2
423,0,27,NA,1,NA,NA,1,NA,NA,NA,NA,NA,NA,NA,1,NA,NA,NA,NA,NA,NA,NA,NA,NA,NA,NA,1,NA,NA,NA,NA,NA,1,NA,12,4,5,5,5,7,6,8,5,6,6,6,8,5,7,7,6,5,7,4,4,7,6,5,7,5,6,7,4,3,5,6,8,3
351,0,22,NA,NA,NA,NA,1,NA,NA,NA,NA,NA,NA,NA,NA,NA,NA,1,NA,NA,NA,NA,NA,NA,NA,NA,1,NA,1,NA,NA,NA,NA,NA,1,1,6,9,8,7,7,7,9,8,8,8,7,9,8,4,8,3,6,9,9,6,2,5,7,6,7,7,5,9,6,4,7,1
313,0,19,NA,NA,1,NA,NA,NA,NA,1,NA,NA,NA,NA,NA,NA,NA,NA,NA,NA,NA,NA,1,NA,NA,NA,NA,NA,1,1,NA,NA,NA,NA,2,5,4,5,4,7,5,5,7,5,6,5,5,4,5,8,6,2,5,4,4,6,6,7,7,5,6,3,6,4,4,5,5,1
430,0,28,NA,1,NA,NA,NA,NA,NA,NA,NA,NA,NA,NA,NA,1,NA,1,NA,NA,NA,NA,NA,NA,1,1,1,NA,NA,NA,NA,NA,1,NA,12,1,8,7,5,9,7,6,7,9,7,7,6,6,7,7,6,1,10,9,8,10,7,6,10,8,9,10,8,5,5,9,6,1
261,0,33,NA,NA,NA,NA,NA,1,NA,NA,NA,NA,NA,NA,1,NA,NA,NA,NA,NA,NA,NA,NA,NA,NA,NA,1,NA,NA,NA,NA,NA,1,NA,7,7,10,10,6,9,7,9,9,9,10,10,9,2,9,8,10,1,10,10,7,9,10,9,10,9,9,9,10,1,9,10,10,2
459,0,21,NA,NA,NA,NA,NA,1,NA,1,NA,NA,NA,NA,NA,NA,NA,NA,NA,NA,NA,NA,NA,1,NA,NA,NA,NA,NA,NA,NA,NA,1,NA,2,3,7,7,5,8,9,7,7,7,6,10,6,8,8,8,7,2,7,6,7,7,10,4,8,6,7,10,7,5,8,7,7,2
278,0,22,NA,NA,NA,NA,NA,NA,NA,NA,NA,NA,NA,NA,NA,NA,NA,NA,NA,NA,NA,NA,NA,NA,NA,NA,NA,NA,1,NA,NA,NA,NA,NA,1,1,4,4,4,3,4,4,5,5,3,4,5,0,4,5,4,1,5,6,6,2,3,4,5,7,4,3,4,0,4,5,3,2
361,0,22,NA,NA,NA,NA,NA,NA,NA,NA,NA,NA,NA,NA,NA,NA,NA,NA,NA,NA,NA,NA,NA,NA,NA,NA,NA,NA,1,NA,NA,NA,NA,NA,12,5,6,6,7,6,7,6,7,5,7,9,9,3,6,5,5,2,8,7,7,6,5,7,6,8,6,8,4,7,7,4,6,1
391,0,24,NA,NA,NA,NA,NA,1,NA,NA,NA,NA,NA,NA,NA,NA,NA,NA,1,NA,NA,NA,NA,NA,NA,NA,1,NA,NA,NA,NA,NA,1,NA,11,7,10,8,6,4,10,7,9,7,8,9,6,7,5,6,8,1,10,7,6,5,5,7,9,9,8,5,7,8,6,5,7,0
454,0,20,NA,NA,NA,NA,NA,NA,1,1,NA,1,1,1,1,NA,1,1,1,NA,1,1,NA,NA,NA,NA,1,NA,NA,NA,NA,NA,1,NA,3,3,6,6,0,5,3,4,5,7,7,5,7,0,5,4,5,1,6,8,4,8,5,6,6,8,6,6,6,0,7,5,5,1
479,0,35,NA,1,NA,NA,NA,NA,NA,NA,NA,NA,NA,NA,1,NA,NA,NA,NA,NA,1,1,NA,NA,NA,NA,NA,1,NA,NA,NA,NA,NA,NA,11,5,9,9,8,6,7,7,7,7,9,7,4,7,4,4,7,2,9,8,7,6,5,5,7,7,7,5,5,8,7,5,6,1
356,0,18,NA,NA,NA,NA,NA,1,NA,1,NA,NA,NA,NA,NA,NA,NA,NA,NA,NA,NA,1,NA,NA,NA,NA,NA,NA,NA,NA,NA,NA,1,NA,2,2,8,4,6,8,8,7,7,7,8,8,10,10,9,9,8,3,4,5,7,7,8,5,8,6,8,6,6,10,6,6,8,1
273,0,28,NA,1,1,1,1,NA,1,1,1,1,NA,1,1,1,1,NA,NA,NA,1,NA,NA,NA,NA,NA,NA,NA,NA,NA,NA,NA,1,NA,5,5,8,8,6,10,7,6,8,7,7,4,6,3,6,4,6,1,6,5,6,6,5,5,7,4,6,4,6,3,5,4,5,1
384,0,21,NA,1,NA,NA,NA,NA,NA,1,NA,NA,NA,NA,NA,NA,NA,NA,NA,NA,NA,NA,NA,1,NA,NA,NA,NA,1,NA,NA,NA,NA,NA,2,4,6,9,7,7,6,4,7,5,8,7,6,6,7,8,6,2,5,8,10,7,6,6,7,6,7,6,7,3,4,7,7,1
368,0,20,NA,NA,NA,NA,NA,NA,NA,NA,NA,NA,NA,NA,NA,NA,NA,NA,NA,NA,NA,NA,NA,NA,NA,NA,NA,NA,1,NA,NA,NA,NA,NA,2,3,8,8,10,9,7,7,7,10,6,6,6,5,6,7,7,2,7,6,8,8,7,8,6,7,7,5,7,5,4,9,6,0
310,0,29,NA,NA,NA,NA,NA,1,1,NA,NA,NA,NA,NA,NA,NA,NA,NA,NA,NA,NA,NA,NA,NA,NA,1,NA,NA,NA,NA,NA,NA,1,NA,2,1,10,8,8,8,7,6,9,7,8,7,7,7,8,10,9,5,8,8,8,7,8,7,8,8,8,8,6,6,6,7,9,2
427,0,23,NA,1,NA,NA,NA,NA,NA,NA,NA,NA,NA,1,NA,NA,NA,NA,NA,NA,1,NA,NA,NA,NA,NA,NA,NA,NA,NA,NA,NA,1,NA,2,7,5,7,7,5,6,5,5,7,5,8,5,2,7,5,7,2,7,6,6,6,6,4,7,6,5,6,6,5,5,8,6,1
425,0,33,1,NA,NA,NA,NA,NA,NA,NA,NA,NA,NA,NA,NA,NA,NA,NA,NA,1,NA,NA,NA,NA,1,NA,NA,1,NA,NA,NA,NA,NA,NA,9,6,8,9,6,10,10,7,8,7,10,8,8,6,8,8,9,1,10,10,6,9,8,8,8,10,9,10,10,7,10,9,9,1
400,0,21,NA,NA,1,NA,NA,NA,NA,1,NA,NA,NA,NA,NA,NA,NA,NA,NA,NA,NA,NA,NA,1,NA,NA,NA,NA,NA,1,NA,NA,NA,NA,2,4,8,10,7,7,7,6,7,8,9,10,7,7,6,7,9,1,10,9,9,8,9,7,7,9,8,10,7,4,8,10,10,0
494,0,21,NA,NA,NA,NA,1,NA,NA,NA,NA,NA,NA,NA,NA,1,NA,NA,NA,NA,1,1,NA,NA,NA,NA,NA,1,NA,NA,NA,NA,NA,NA,1,7,6,5,6,5,7,6,4,4,2,7,2,1,4,2,3,1,5,3,4,3,6,3,3,3,5,4,4,2,3,3,4,0
480,0,24,NA,1,NA,NA,NA,NA,NA,NA,NA,NA,NA,NA,NA,NA,1,NA,NA,NA,NA,NA,NA,1,NA,NA,NA,NA,1,NA,NA,NA,NA,NA,9,4,9,9,9,9,9,9,7,10,8,10,9,9,8,10,9,1,9,8,8,7,10,8,9,9,9,10,8,7,8,10,9,1
471,0,32,NA,NA,NA,NA,1,NA,NA,NA,NA,NA,NA,NA,1,NA,NA,NA,NA,NA,NA,NA,NA,NA,NA,NA,NA,NA,NA,NA,NA,NA,1,NA,2,2,5,7,5,5,7,7,8,7,5,5,6,7,5,5,7,1,5,5,2,4,2,3,4,5,4,2,7,3,4,4,5,0
412,0,21,NA,NA,NA,NA,NA,1,NA,1,NA,NA,NA,NA,NA,NA,NA,NA,NA,NA,NA,NA,NA,1,NA,NA,NA,NA,NA,NA,NA,NA,1,NA,2,3,5,3,3,3,5,6,5,3,5,3,7,6,5,6,4,2,4,3,6,2,5,6,5,6,3,5,5,4,4,5,4,1
474,0,29,NA,NA,NA,NA,1,NA,1,1,1,1,1,1,NA,1,1,1,1,1,1,NA,NA,NA,NA,NA,NA,1,NA,NA,NA,NA,NA,NA,7,6,7,5,6,6,5,6,4,5,5,5,5,4,6,8,5,2,8,6,5,8,7,5,6,6,7,7,6,6,6,9,7,2
274,0,24,NA,NA,NA,NA,NA,1,NA,NA,NA,NA,NA,NA,NA,NA,NA,NA,NA,1,NA,1,NA,NA,NA,NA,NA,NA,NA,NA,NA,NA,1,NA,12,2,6,7,5,5,8,6,5,7,5,5,5,4,3,5,6,1,6,5,3,4,7,3,5,5,5,6,4,5,4,4,6,1
457,0,27,NA,NA,NA,NA,NA,NA,NA,NA,NA,NA,NA,NA,NA,NA,NA,NA,NA,NA,NA,NA,1,NA,NA,NA,NA,NA,NA,NA,NA,NA,1,NA,10,3,8,10,6,9,7,9,8,10,10,10,7,8,10,9,8,2,8,10,10,9,10,8,10,8,10,10,8,4,9,9,10,2
317,0,26,NA,NA,NA,NA,NA,1,NA,NA,NA,1,1,NA,1,NA,NA,NA,NA,NA,NA,NA,NA,1,NA,NA,NA,NA,NA,NA,NA,NA,1,NA,12,4,5,7,6,5,6,5,6,7,6,6,6,6,7,6,6,2,6,6,8,6,7,8,7,8,8,5,8,5,9,7,5,1
303,0,25,NA,NA,NA,NA,NA,NA,NA,NA,NA,NA,NA,NA,NA,NA,NA,NA,NA,NA,NA,NA,NA,NA,NA,NA,NA,NA,NA,NA,NA,NA,1,NA,11,4,6,9,6,5,6,8,7,6,6,4,6,2,7,8,6,1,5,6,7,5,6,6,5,6,7,4,6,0,4,7,5,0
300,0,23,NA,NA,NA,NA,NA,NA,NA,NA,NA,NA,NA,NA,1,NA,NA,NA,NA,NA,1,1,NA,NA,NA,NA,NA,NA,NA,1,NA,NA,1,NA,5,7,10,7,8,10,7,9,9,7,7,9,10,7,9,7,8,3,9,9,8,7,6,7,8,9,9,9,8,6,6,8,8,2
447,0,21,NA,NA,NA,NA,NA,NA,NA,NA,NA,NA,NA,NA,NA,NA,NA,NA,NA,NA,1,1,NA,NA,NA,NA,NA,1,NA,NA,NA,NA,NA,NA,1,6,8,7,10,9,6,8,7,8,9,7,7,5,8,6,9,2,6,9,10,8,10,8,8,8,9,7,7,7,7,7,7,1
431,0,30,NA,NA,NA,NA,NA,NA,1,1,1,NA,NA,NA,NA,NA,NA,NA,NA,NA,1,1,NA,NA,NA,NA,NA,NA,NA,NA,NA,NA,1,NA,12,6,8,8,8,8,6,9,5,7,7,7,6,7,8,9,7,2,7,7,7,5,2,6,5,4,6,6,4,7,6,6,4,2
380,0,28,NA,1,NA,NA,NA,NA,NA,NA,NA,NA,NA,NA,1,NA,NA,NA,NA,NA,NA,NA,NA,1,NA,NA,NA,NA,1,NA,NA,NA,NA,NA,7,4,10,9,10,9,9,8,10,9,9,7,9,7,9,10,8,0,10,9,9,10,10,9,9,10,9,9,10,9,9,9,9,0
296,0,20,NA,NA,1,NA,NA,NA,NA,NA,NA,NA,NA,NA,NA,NA,1,NA,NA,NA,NA,NA,1,NA,NA,NA,NA,1,NA,NA,NA,NA,NA,NA,9,6,10,8,10,8,8,9,9,9,8,9,8,10,7,10,9,2,9,6,7,8,9,9,8,6,8,7,9,7,8,9,8,2
345,0,27,NA,NA,NA,NA,NA,1,NA,1,NA,NA,NA,NA,NA,NA,NA,NA,NA,NA,NA,NA,NA,1,NA,NA,NA,NA,NA,NA,NA,NA,1,NA,1,4,8,9,6,7,9,6,6,7,9,6,8,7,6,8,7,1,7,8,7,10,7,6,7,7,9,7,8,6,8,9,9,1
482,0,28,NA,1,1,1,1,NA,1,1,1,1,NA,1,1,1,1,NA,NA,NA,1,NA,NA,NA,NA,NA,NA,NA,NA,NA,NA,NA,1,NA,5,5,10,7,4,8,5,8,9,9,9,6,7,4,6,7,7,3,7,6,5,5,7,5,8,6,7,5,7,3,7,5,6,0
408,0,27,NA,NA,NA,NA,1,NA,NA,NA,1,NA,NA,NA,1,NA,NA,1,NA,NA,NA,NA,NA,NA,NA,1,1,NA,NA,NA,NA,NA,1,NA,12,1,8,7,7,8,9,5,8,5,8,8,5,6,7,7,7,1,9,9,8,9,7,7,8,9,9,9,7,6,6,8,6,0
397,0,25,NA,NA,NA,NA,NA,1,1,1,1,1,1,1,1,1,1,1,1,1,NA,1,NA,NA,NA,NA,NA,NA,NA,NA,NA,NA,1,NA,1,2,6,6,7,7,3,5,5,6,5,5,6,8,4,5,6,2,5,6,7,4,5,5,5,5,4,5,6,9,7,5,8,1
489,0,22,NA,NA,NA,NA,NA,NA,NA,NA,NA,NA,NA,NA,NA,NA,NA,NA,NA,NA,1,NA,NA,NA,NA,NA,NA,1,NA,NA,NA,NA,NA,NA,11,5,5,7,7,6,6,6,5,5,5,4,5,8,6,7,6,3,8,7,8,6,2,4,3,5,6,7,5,5,4,8,6,2
322,0,28,NA,1,1,1,1,1,1,NA,1,1,1,1,1,1,1,1,1,1,NA,NA,NA,NA,1,1,1,1,NA,NA,NA,NA,NA,NA,2,2,6,7,6,5,9,5,6,5,6,8,5,6,6,5,6,1,7,6,6,7,8,5,6,6,8,8,7,8,7,3,7,1
339,0,24,NA,NA,NA,NA,NA,NA,NA,NA,NA,NA,NA,NA,NA,NA,NA,NA,NA,NA,NA,NA,NA,NA,NA,NA,NA,NA,NA,NA,NA,NA,1,NA,1,3,7,7,7,7,6,5,5,8,5,8,4,4,4,7,6,4,7,7,6,6,6,4,5,5,4,7,5,6,4,7,6,3
395,0,29,NA,NA,NA,NA,NA,1,NA,NA,NA,NA,NA,NA,NA,NA,NA,NA,NA,1,NA,NA,NA,NA,1,NA,NA,NA,NA,NA,NA,NA,1,NA,12,5,7,5,6,4,3,6,5,7,2,5,5,4,5,3,4,1,7,6,6,3,5,6,6,5,6,7,5,6,4,7,3,1
381,0,30,NA,NA,NA,NA,NA,NA,NA,NA,NA,NA,NA,NA,NA,1,NA,NA,NA,NA,1,1,NA,NA,NA,NA,NA,NA,NA,NA,NA,NA,1,NA,2,7,10,9,6,7,7,8,8,10,10,10,7,9,10,9,9,2,7,6,7,6,8,7,7,7,6,6,5,5,7,7,5,1
393,0,34,NA,1,NA,NA,NA,NA,NA,NA,NA,NA,NA,NA,NA,NA,NA,NA,NA,1,NA,NA,NA,1,NA,NA,NA,NA,1,NA,NA,NA,NA,NA,12,4,10,7,10,10,7,10,9,9,9,8,10,9,10,10,9,2,10,9,10,8,8,8,9,8,10,9,8,7,9,10,8,2
405,0,18,NA,NA,NA,NA,NA,1,NA,NA,NA,NA,NA,NA,NA,NA,NA,NA,NA,NA,NA,NA,NA,NA,NA,NA,NA,1,NA,NA,NA,NA,NA,NA,12,4,5,4,2,0,3,5,3,2,4,1,5,0,4,2,4,4,5,5,5,5,4,4,4,4,6,3,5,0,4,5,5,2
299,0,28,NA,NA,NA,NA,NA,NA,NA,NA,1,NA,NA,NA,NA,NA,NA,NA,NA,NA,1,NA,NA,NA,NA,NA,1,NA,NA,NA,NA,NA,1,NA,2,3,10,8,9,10,10,9,9,10,10,9,9,4,10,9,8,1,10,10,7,7,4,8,10,10,9,8,9,1,7,10,7,0
499,0,25,NA,NA,NA,NA,NA,1,NA,NA,NA,NA,NA,NA,1,NA,NA,NA,NA,NA,NA,NA,NA,NA,1,NA,NA,NA,NA,NA,NA,NA,1,NA,13,5,10,8,7,8,8,8,9,8,8,9,8,10,8,9,6,2,9,8,7,8,3,5,9,9,7,7,8,7,4,8,6,0
291,0,29,NA,NA,NA,NA,NA,NA,NA,NA,NA,NA,NA,NA,NA,NA,NA,NA,NA,NA,1,NA,NA,NA,NA,NA,NA,NA,NA,NA,NA,NA,1,NA,12,7,6,6,8,6,3,7,6,5,6,5,7,1,6,6,7,2,8,7,6,6,6,9,7,6,6,7,7,4,4,9,5,1
318,0,27,NA,NA,NA,NA,NA,1,NA,NA,NA,NA,NA,NA,NA,NA,NA,1,NA,NA,NA,NA,NA,1,NA,NA,NA,NA,NA,NA,NA,NA,1,NA,10,4,8,6,7,7,9,6,7,6,6,8,6,6,7,7,7,2,6,4,6,5,8,3,7,5,6,5,6,6,5,6,6,1
308,0,28,1,1,1,1,1,1,NA,NA,NA,NA,1,NA,NA,NA,NA,NA,NA,NA,NA,NA,NA,NA,NA,1,1,NA,NA,NA,NA,NA,1,NA,5,6,6,7,5,4,5,6,3,5,6,5,5,3,6,6,5,1,7,8,6,6,7,6,4,7,8,7,6,4,5,7,6,1
378,0,28,NA,NA,NA,1,NA,NA,NA,NA,NA,NA,NA,NA,1,NA,NA,NA,NA,NA,1,1,NA,NA,NA,NA,NA,NA,NA,NA,NA,NA,1,NA,10,4,9,8,6,7,8,7,8,8,7,6,9,9,8,9,7,3,7,8,6,7,6,7,7,7,9,7,7,7,6,7,6,2
295,0,28,NA,1,1,1,1,1,1,NA,1,1,1,1,1,1,1,1,1,1,NA,NA,NA,NA,1,1,1,1,NA,NA,NA,NA,NA,NA,2,2,6,4,2,4,6,4,6,5,5,3,3,2,5,5,4,3,7,4,3,4,7,5,4,7,5,5,4,5,4,6,6,2
305,0,20,NA,NA,NA,NA,NA,NA,NA,NA,NA,NA,NA,NA,NA,NA,NA,NA,NA,NA,NA,NA,NA,NA,NA,NA,NA,NA,1,NA,NA,NA,NA,NA,2,3,6,7,5,5,7,6,8,6,8,4,6,5,9,6,7,2,8,7,7,8,5,8,7,9,8,7,9,7,7,7,7,1
420,0,34,NA,NA,NA,NA,1,1,1,NA,NA,NA,NA,NA,NA,NA,NA,NA,NA,NA,NA,NA,NA,1,NA,NA,NA,NA,1,NA,NA,NA,NA,NA,1,4,7,6,10,8,8,9,7,6,8,5,6,3,7,9,4,3,9,7,7,7,6,7,6,7,10,5,8,2,5,9,5,3
323,0,32,NA,1,NA,NA,NA,NA,1,NA,NA,NA,NA,NA,NA,NA,NA,NA,NA,NA,1,NA,NA,NA,NA,NA,NA,NA,1,NA,NA,NA,NA,NA,1,1,7,7,10,8,8,5,8,6,6,10,10,10,7,10,8,3,9,8,6,8,8,9,9,9,5,9,9,8,7,10,7,2
429,0,23,NA,NA,NA,NA,NA,NA,1,1,1,1,1,1,1,1,1,NA,NA,NA,1,1,NA,NA,NA,NA,NA,NA,NA,NA,NA,NA,1,NA,12,7,10,9,7,10,9,6,9,6,9,10,9,9,9,9,8,3,9,9,7,8,7,6,8,8,10,9,9,8,6,8,6,1
487,0,22,NA,NA,NA,NA,NA,NA,NA,NA,NA,NA,NA,NA,NA,NA,NA,NA,NA,NA,NA,NA,NA,NA,NA,NA,1,NA,NA,NA,NA,NA,1,NA,1,2,5,8,5,8,6,5,9,6,8,6,6,5,8,7,7,1,8,10,6,8,6,9,9,9,6,6,4,8,6,6,8,0
362,0,22,NA,NA,NA,NA,NA,NA,NA,NA,NA,NA,NA,NA,NA,NA,NA,NA,NA,NA,1,NA,NA,NA,NA,NA,NA,1,NA,NA,NA,NA,NA,NA,11,5,4,8,7,7,8,9,5,7,7,6,7,8,5,2,7,3,5,10,8,8,7,9,6,8,8,8,8,8,7,6,7,2
319,0,18,NA,NA,NA,NA,NA,1,NA,NA,NA,NA,NA,NA,NA,NA,NA,1,NA,NA,1,1,1,NA,NA,NA,NA,NA,NA,1,NA,NA,NA,NA,2,7,7,3,2,1,3,2,3,3,3,5,4,0,2,7,3,2,4,4,1,5,6,2,4,4,3,4,3,0,3,6,3,0
364,0,19,NA,1,1,1,1,NA,NA,NA,1,NA,NA,NA,1,1,1,NA,NA,NA,NA,NA,NA,NA,NA,NA,1,NA,NA,NA,NA,NA,1,NA,2,2,6,6,6,5,8,5,8,7,8,5,6,9,6,6,5,1,7,6,6,4,6,4,6,7,7,5,6,8,4,8,6,1
331,0,32,NA,NA,NA,NA,NA,1,1,NA,NA,NA,NA,NA,NA,NA,NA,NA,NA,NA,NA,NA,NA,1,NA,NA,NA,NA,NA,NA,NA,NA,1,NA,1,3,5,5,5,5,5,5,4,4,6,5,7,6,6,7,6,2,4,4,7,6,6,6,4,5,7,6,4,7,7,5,4,2
363,0,27,NA,NA,NA,NA,NA,NA,NA,NA,NA,NA,NA,NA,NA,NA,NA,NA,NA,NA,NA,NA,NA,NA,NA,NA,NA,1,NA,NA,NA,NA,NA,NA,13,4,7,6,5,5,5,7,6,6,6,2,6,0,8,6,5,1,8,7,6,7,6,6,5,9,9,6,8,3,7,4,6,1
337,0,28,NA,1,NA,NA,NA,NA,NA,1,NA,NA,NA,NA,NA,NA,NA,NA,NA,NA,1,NA,NA,NA,NA,NA,NA,NA,1,NA,NA,NA,NA,NA,2,1,9,4,4,5,6,7,5,5,6,6,5,4,6,6,5,2,5,4,2,6,6,6,2,5,5,5,5,3,5,6,4,1
495,0,24,NA,NA,NA,NA,NA,NA,NA,NA,NA,NA,NA,NA,NA,NA,NA,NA,NA,NA,NA,NA,NA,NA,NA,NA,NA,NA,NA,NA,NA,NA,1,NA,1,3,6,4,5,4,4,4,4,5,5,7,7,5,6,9,4,1,5,5,6,5,8,5,3,6,5,6,7,5,6,9,4,1
449,0,32,NA,NA,NA,NA,1,NA,NA,NA,NA,NA,NA,NA,1,NA,NA,NA,NA,NA,NA,NA,NA,NA,NA,NA,NA,NA,NA,NA,NA,NA,1,NA,2,2,7,4,2,6,4,6,7,5,7,8,5,2,7,6,5,1,7,6,6,6,6,5,6,7,7,8,7,3,6,6,8,1
386,0,20,NA,NA,NA,NA,NA,NA,NA,NA,NA,NA,NA,NA,NA,NA,NA,NA,NA,NA,NA,NA,NA,NA,NA,NA,NA,NA,NA,NA,NA,NA,1,NA,1,5,9,8,6,8,7,5,10,8,8,9,7,5,8,8,5,6,7,7,8,9,7,7,8,7,10,9,7,6,6,8,7,2
406,0,23,NA,1,NA,NA,NA,NA,NA,NA,1,NA,1,NA,NA,1,1,NA,NA,NA,NA,1,NA,NA,NA,NA,NA,NA,NA,NA,NA,NA,1,NA,1,7,7,5,5,6,3,3,5,3,6,7,3,6,6,5,6,2,7,6,7,8,6,4,7,7,5,7,7,8,6,7,6,1
417,0,24,NA,NA,NA,1,1,NA,1,1,NA,1,NA,NA,1,1,NA,NA,NA,NA,NA,NA,1,NA,1,NA,NA,NA,1,NA,NA,NA,NA,NA,12,3,6,7,4,8,5,6,7,7,7,8,6,7,5,9,7,1,4,4,1,6,6,7,7,5,5,4,6,7,6,5,5,1
462,0,21,1,1,1,NA,1,1,NA,NA,NA,NA,NA,NA,1,NA,NA,NA,NA,NA,NA,NA,NA,1,NA,NA,NA,NA,1,NA,NA,NA,NA,NA,7,4,7,5,5,6,6,5,5,4,5,8,4,6,4,6,5,2,7,6,5,4,8,6,7,6,6,8,6,7,5,5,6,0
376,0,26,NA,NA,NA,NA,NA,NA,NA,NA,NA,NA,NA,NA,NA,NA,NA,NA,NA,NA,1,1,NA,NA,NA,NA,NA,NA,NA,NA,NA,NA,1,NA,13,7,5,5,4,5,4,5,4,5,6,3,3,4,5,7,7,2,7,5,6,6,8,7,5,5,5,3,5,4,4,6,5,0
341,0,35,NA,NA,NA,1,NA,NA,NA,NA,1,NA,NA,NA,NA,NA,NA,NA,NA,NA,NA,1,NA,NA,NA,NA,NA,NA,NA,NA,1,NA,NA,NA,3,3,8,6,5,8,6,6,9,9,9,9,6,4,7,7,7,1,8,6,5,5,5,5,7,6,5,6,7,4,4,5,5,0
491,0,29,NA,NA,NA,NA,NA,NA,NA,NA,NA,NA,NA,NA,NA,NA,NA,NA,NA,NA,1,NA,NA,NA,NA,NA,NA,NA,NA,NA,NA,NA,1,NA,12,7,7,6,5,6,5,6,8,5,7,4,8,4,2,4,6,2,5,3,4,7,1,5,7,6,3,5,5,1,4,6,5,0
311,0,24,NA,NA,NA,NA,NA,NA,NA,NA,NA,NA,NA,NA,NA,NA,NA,NA,NA,NA,NA,NA,NA,NA,NA,NA,NA,NA,NA,NA,NA,NA,1,NA,1,3,7,8,10,8,10,8,8,8,9,8,9,9,9,7,5,1,9,8,10,9,7,6,9,9,9,8,8,5,9,8,6,1
399,0,23,NA,1,NA,NA,NA,NA,1,NA,NA,NA,NA,NA,NA,NA,NA,NA,NA,NA,NA,NA,1,NA,NA,NA,NA,NA,1,NA,NA,NA,NA,NA,1,2,7,3,6,5,3,7,5,5,7,5,5,4,5,6,4,1,7,7,8,6,8,7,6,7,9,6,8,3,8,9,7,0
283,0,25,1,NA,NA,NA,NA,NA,NA,NA,NA,1,NA,NA,1,NA,NA,NA,1,NA,NA,NA,NA,NA,NA,1,NA,NA,NA,NA,NA,NA,1,NA,1,3,9,6,7,7,8,6,6,5,8,7,5,10,6,7,8,4,6,5,7,6,7,3,6,6,7,7,5,6,6,6,6,2
10,1,19,NA,NA,NA,NA,NA,NA,NA,NA,NA,NA,NA,NA,NA,NA,NA,NA,NA,NA,NA,NA,NA,NA,NA,NA,NA,NA,NA,NA,NA,NA,1,NA,11,7,7,7,8,6,8,7,9,8,8,9,6,9,9,8,8,2,8,8,7,9,8,8,7,7,8,8,7,5,10,8,7,1
33,1,32,1,NA,NA,NA,NA,NA,NA,NA,NA,NA,NA,NA,NA,NA,1,NA,NA,NA,NA,NA,NA,NA,NA,1,NA,1,NA,NA,NA,NA,NA,NA,9,3,8,7,7,6,7,8,7,6,8,4,9,6,8,7,8,3,7,9,8,9,8,8,10,7,9,6,9,6,7,10,10,1
79,1,30,NA,1,NA,NA,NA,NA,NA,NA,NA,NA,NA,NA,NA,NA,NA,NA,NA,1,NA,NA,NA,NA,NA,NA,1,NA,1,NA,NA,NA,NA,NA,13,3,6,7,8,8,5,7,9,9,6,8,8,7,6,8,8,1,4,6,5,6,5,6,6,7,5,5,6,6,5,5,7,0
105,1,26,NA,NA,NA,NA,NA,1,1,NA,NA,NA,NA,NA,NA,NA,NA,NA,NA,NA,NA,NA,NA,1,NA,NA,NA,NA,NA,NA,NA,NA,1,NA,13,4,7,7,7,7,8,6,8,5,7,5,5,6,5,6,7,2,8,7,5,6,9,6,7,8,9,6,7,2,8,8,6,1
225,1,44,NA,NA,NA,NA,NA,NA,NA,NA,NA,NA,NA,NA,NA,NA,NA,NA,NA,NA,1,1,NA,NA,NA,NA,NA,NA,NA,NA,NA,NA,1,NA,10,7,10,8,8,10,10,8,6,9,10,9,6,2,9,9,6,2,7,8,4,7,7,7,6,7,7,8,7,0,6,9,5,1
24,1,32,NA,NA,NA,NA,NA,1,NA,1,1,1,1,1,1,1,1,1,1,NA,1,NA,NA,NA,NA,NA,1,1,NA,NA,NA,NA,NA,NA,1,5,8,7,5,3,5,8,7,7,6,5,5,6,5,6,6,0,6,6,5,6,5,6,8,6,5,5,7,8,6,6,6,1
36,1,31,NA,NA,NA,NA,NA,NA,1,1,1,1,1,1,NA,1,1,1,1,1,NA,NA,NA,NA,NA,NA,1,1,NA,NA,NA,NA,NA,NA,7,3,6,7,8,8,9,7,6,8,5,5,8,3,8,8,5,4,7,9,8,6,10,7,8,7,6,4,6,5,8,4,8,1
211,1,25,NA,1,NA,NA,NA,NA,1,NA,NA,NA,NA,NA,NA,NA,NA,NA,NA,NA,NA,NA,NA,NA,NA,NA,1,NA,1,NA,NA,NA,NA,NA,1,7,4,6,7,3,4,6,5,7,4,5,5,4,5,3,5,1,4,3,3,5,2,6,5,4,2,6,5,1,6,3,2,1
222,1,28,1,NA,NA,NA,NA,NA,NA,NA,NA,NA,NA,NA,NA,1,NA,NA,NA,NA,NA,NA,NA,1,NA,NA,NA,NA,NA,NA,NA,NA,1,NA,13,4,7,5,5,7,5,6,5,7,5,7,5,6,7,7,4,1,6,5,5,5,2,4,4,6,6,5,5,6,4,5,7,3
215,1,26,1,NA,NA,NA,NA,NA,NA,1,NA,NA,NA,NA,NA,NA,NA,NA,NA,NA,NA,NA,NA,NA,NA,1,NA,1,NA,NA,NA,NA,NA,NA,2,7,2,4,5,3,5,3,2,2,3,3,3,2,3,3,3,1,4,3,4,3,4,3,4,5,4,3,2,3,2,4,4,0
200,1,28,NA,NA,NA,NA,NA,1,NA,NA,NA,NA,NA,NA,NA,NA,NA,1,NA,NA,NA,NA,NA,1,NA,NA,NA,NA,NA,NA,NA,NA,1,NA,10,4,7,6,3,5,4,3,5,5,7,5,4,5,2,7,4,2,8,6,4,4,5,3,7,6,6,7,6,6,5,7,5,0
142,1,20,NA,NA,NA,NA,NA,1,NA,NA,1,NA,NA,NA,NA,NA,NA,NA,NA,NA,1,NA,NA,NA,NA,NA,NA,NA,NA,NA,NA,NA,1,NA,5,4,6,8,5,5,4,7,5,6,6,2,6,1,4,3,6,2,4,6,3,4,6,5,6,6,4,3,7,3,6,4,5,2
143,1,25,NA,NA,NA,NA,NA,1,NA,1,NA,NA,NA,NA,NA,NA,NA,NA,NA,NA,1,NA,NA,NA,NA,NA,1,NA,NA,NA,NA,NA,1,NA,12,7,6,7,9,7,8,8,7,6,7,8,6,9,7,5,7,2,7,6,7,6,4,7,6,5,6,6,7,6,5,7,5,1
92,1,34,NA,1,NA,NA,NA,NA,NA,NA,NA,NA,NA,NA,NA,NA,NA,NA,NA,1,NA,1,NA,NA,NA,NA,NA,NA,1,NA,NA,NA,NA,NA,13,2,9,8,6,7,9,5,6,8,8,9,4,1,5,7,5,2,10,8,7,9,8,6,9,6,9,10,7,0,7,8,8,1
236,1,22,NA,1,NA,NA,NA,NA,NA,NA,NA,NA,NA,NA,NA,NA,NA,NA,NA,1,NA,NA,NA,NA,1,NA,NA,NA,1,NA,NA,NA,NA,NA,13,4,7,6,5,7,8,6,7,6,6,2,6,3,6,6,5,2,7,4,3,5,8,7,6,4,4,3,5,4,4,7,2,1
194,1,28,NA,NA,NA,NA,NA,NA,NA,NA,NA,NA,NA,NA,1,1,1,NA,NA,NA,1,1,NA,NA,NA,1,1,NA,NA,NA,NA,NA,1,NA,10,4,10,9,7,9,7,7,9,9,9,10,7,2,8,10,8,2,6,9,7,8,10,5,7,9,9,10,6,1,8,10,7,1
227,1,32,NA,NA,NA,NA,1,NA,NA,NA,NA,NA,NA,NA,NA,NA,NA,NA,NA,1,NA,NA,NA,NA,NA,1,NA,1,NA,NA,NA,NA,NA,NA,9,5,6,6,4,6,8,4,6,5,5,6,5,5,5,3,5,7,6,8,6,7,10,6,8,5,6,7,6,7,4,7,8,3
204,1,30,NA,NA,NA,NA,NA,1,NA,1,NA,NA,NA,NA,NA,NA,NA,NA,NA,NA,NA,1,NA,NA,NA,NA,NA,NA,NA,NA,NA,NA,1,NA,2,4,5,7,3,5,8,5,7,6,5,3,7,8,5,5,5,2,7,5,5,5,6,4,8,5,5,4,5,4,4,8,7,0
120,1,35,NA,NA,NA,NA,NA,1,NA,NA,NA,NA,NA,NA,NA,NA,NA,NA,NA,1,NA,NA,NA,1,NA,NA,NA,NA,NA,NA,NA,NA,1,NA,12,3,8,8,7,9,8,7,8,6,9,7,7,5,6,9,8,2,6,5,5,5,6,5,5,6,6,7,6,5,4,9,7,2
212,1,25,NA,NA,1,NA,NA,NA,1,NA,NA,NA,NA,NA,NA,NA,NA,NA,NA,NA,NA,1,NA,NA,NA,NA,NA,NA,NA,1,NA,NA,NA,NA,1,3,7,6,4,5,2,5,5,6,5,6,7,0,7,8,5,3,7,6,4,7,4,5,7,6,7,7,5,1,6,7,7,2
229,1,30,NA,1,NA,NA,NA,NA,NA,1,NA,NA,NA,NA,NA,NA,NA,NA,NA,NA,NA,NA,1,NA,NA,NA,NA,NA,1,NA,NA,NA,NA,NA,2,3,6,8,6,6,8,7,7,8,8,6,7,6,5,9,7,2,8,6,5,8,8,6,8,8,7,7,7,6,6,7,6,2
146,1,19,NA,1,NA,NA,NA,NA,NA,NA,NA,NA,NA,NA,NA,NA,NA,NA,NA,1,NA,NA,1,NA,NA,NA,NA,NA,1,NA,NA,NA,NA,NA,13,3,7,6,9,9,9,9,10,10,8,10,7,5,7,10,9,1,7,8,9,10,10,10,7,9,9,6,10,5,8,8,9,0
171,1,28,NA,1,NA,NA,NA,NA,NA,NA,NA,NA,NA,NA,NA,NA,NA,NA,1,NA,NA,NA,NA,1,NA,NA,NA,NA,NA,NA,NA,NA,1,NA,11,4,7,6,4,7,9,5,9,7,7,9,6,5,6,9,7,1,5,6,4,7,8,6,7,7,6,8,5,4,7,7,7,2
23,1,22,NA,NA,NA,NA,NA,NA,NA,NA,NA,NA,NA,NA,NA,NA,NA,NA,NA,NA,NA,NA,NA,NA,NA,NA,NA,NA,NA,1,NA,NA,NA,NA,1,2,10,9,7,8,10,8,9,8,10,5,9,4,10,9,9,2,10,10,9,8,8,7,9,10,9,7,10,5,10,10,9,2
180,1,29,NA,NA,NA,NA,NA,1,1,NA,NA,NA,NA,NA,NA,NA,NA,NA,NA,NA,NA,NA,NA,NA,NA,1,NA,NA,NA,NA,NA,NA,1,NA,1,2,8,6,5,5,7,5,7,8,5,6,6,3,3,7,4,2,8,6,7,6,9,5,8,8,8,8,6,2,6,5,6,3
57,1,24,NA,1,NA,NA,NA,NA,NA,NA,NA,1,NA,NA,NA,NA,1,NA,1,NA,NA,NA,NA,1,NA,NA,NA,NA,1,NA,NA,NA,NA,NA,9,4,10,7,7,10,7,7,8,8,10,10,7,6,9,9,6,1,10,10,8,9,6,9,8,8,8,8,10,4,9,10,8,1
156,1,26,NA,1,NA,NA,NA,NA,1,NA,NA,NA,NA,NA,NA,NA,NA,NA,NA,NA,NA,1,NA,NA,NA,NA,NA,NA,1,NA,NA,NA,NA,NA,13,1,6,5,8,3,6,6,5,5,5,5,6,7,6,6,5,0,3,7,5,5,3,5,5,5,4,3,5,4,5,4,5,1
102,1,27,NA,NA,NA,NA,NA,1,1,NA,NA,NA,NA,NA,NA,NA,NA,NA,NA,NA,NA,1,NA,NA,NA,NA,NA,NA,NA,NA,NA,NA,1,NA,1,5,9,8,8,9,8,9,9,9,10,5,10,4,10,9,8,2,8,8,9,10,10,8,9,8,10,7,9,6,9,7,7,1
21,1,24,NA,NA,NA,NA,NA,NA,NA,NA,NA,NA,NA,NA,NA,NA,NA,NA,NA,NA,NA,NA,NA,NA,NA,NA,NA,NA,1,1,NA,NA,NA,NA,12,2,6,6,7,7,5,6,6,8,8,4,7,4,6,6,3,3,5,7,5,5,5,6,6,8,6,4,7,3,8,6,8,3
137,1,32,NA,1,NA,NA,1,NA,NA,NA,NA,NA,NA,NA,1,NA,NA,NA,NA,NA,NA,NA,NA,NA,NA,NA,1,NA,NA,NA,NA,NA,1,NA,10,4,5,6,6,5,7,8,7,5,5,5,4,7,6,4,5,2,6,8,5,6,6,7,6,8,8,6,7,7,9,5,7,0
233,1,20,NA,NA,NA,NA,1,NA,1,1,1,NA,NA,NA,NA,NA,NA,NA,NA,NA,1,NA,NA,NA,NA,NA,1,1,NA,NA,NA,NA,NA,NA,11,3,8,7,7,8,6,5,9,9,7,7,8,5,7,10,8,1,6,8,4,8,5,5,8,7,6,4,5,1,8,6,7,2
108,1,39,NA,1,NA,NA,NA,NA,1,1,NA,NA,NA,NA,NA,NA,NA,NA,NA,NA,NA,NA,NA,NA,NA,1,NA,NA,1,NA,NA,NA,NA,NA,2,5,6,7,7,8,6,5,6,6,7,7,9,1,6,9,9,1,6,8,7,7,6,5,7,6,7,6,7,4,6,7,8,2
55,1,25,1,1,1,NA,NA,NA,NA,NA,NA,1,1,1,1,1,1,1,1,NA,NA,NA,NA,1,1,1,1,NA,NA,NA,NA,NA,1,NA,2,1,4,5,3,4,5,5,5,4,6,1,5,0,2,6,4,1,7,5,4,5,7,3,6,3,6,2,5,1,4,4,5,0
149,1,34,NA,NA,NA,NA,NA,NA,NA,NA,1,1,1,1,NA,NA,NA,NA,NA,NA,1,1,1,NA,NA,NA,NA,NA,NA,NA,NA,NA,1,NA,11,6,10,6,7,10,10,7,5,6,8,9,6,7,8,10,8,2,10,7,8,10,7,6,8,7,9,9,9,7,10,10,8,1
2,1,27,NA,NA,NA,NA,NA,NA,NA,NA,NA,NA,NA,NA,NA,NA,NA,NA,NA,NA,1,NA,NA,NA,NA,NA,1,NA,NA,NA,NA,NA,1,NA,12,4,8,6,6,6,5,6,7,8,6,8,6,8,6,6,7,3,9,8,8,7,8,7,9,9,10,10,10,9,7,10,8,3
121,1,27,NA,NA,NA,NA,NA,NA,NA,NA,NA,NA,NA,NA,NA,NA,NA,NA,NA,NA,NA,NA,1,NA,NA,NA,NA,NA,NA,NA,NA,NA,1,NA,10,3,4,6,7,8,6,4,4,6,3,4,5,5,6,5,2,2,4,6,7,4,5,7,4,5,5,5,5,4,8,5,5,2
115,1,33,1,NA,NA,NA,NA,NA,NA,NA,NA,NA,NA,NA,NA,NA,NA,NA,NA,1,NA,NA,NA,NA,1,NA,NA,1,NA,NA,NA,NA,NA,NA,9,6,6,6,6,8,5,6,5,7,4,8,7,2,6,6,6,4,8,6,6,7,7,9,8,6,6,8,4,5,5,6,5,1
202,1,27,NA,NA,NA,NA,NA,NA,NA,NA,NA,1,1,1,1,1,1,1,1,1,NA,NA,NA,NA,1,1,1,1,NA,NA,NA,NA,NA,NA,2,2,7,7,8,8,6,6,8,8,6,5,9,5,8,8,8,3,8,7,7,9,6,9,8,6,7,6,8,6,8,8,8,3
220,1,22,1,NA,NA,NA,NA,NA,NA,NA,NA,NA,NA,NA,NA,NA,1,1,NA,NA,NA,NA,NA,NA,NA,1,NA,NA,1,NA,NA,NA,NA,NA,1,4,7,9,8,9,7,8,8,6,9,8,9,2,7,10,8,1,9,10,7,10,7,6,8,8,10,10,10,0,9,9,9,1
49,1,35,NA,NA,NA,1,1,NA,NA,NA,NA,NA,NA,NA,NA,NA,NA,NA,NA,1,NA,NA,NA,NA,1,1,NA,NA,NA,NA,NA,NA,1,NA,12,5,3,1,0,1,5,4,4,4,4,1,5,6,2,4,3,1,3,3,1,2,3,4,4,3,4,1,4,5,2,4,4,0
119,1,25,NA,NA,NA,NA,NA,NA,NA,NA,NA,NA,NA,NA,NA,NA,NA,NA,NA,NA,NA,NA,NA,NA,NA,NA,NA,NA,NA,NA,NA,NA,1,NA,11,5,8,6,5,7,8,7,9,8,8,10,6,3,8,6,7,0,7,8,7,6,9,6,9,9,6,6,9,2,7,9,7,0
86,1,26,NA,1,NA,NA,NA,NA,NA,NA,NA,NA,NA,NA,1,NA,NA,NA,NA,NA,NA,1,NA,NA,NA,NA,NA,NA,NA,1,NA,NA,NA,NA,2,7,10,8,6,9,10,7,10,9,10,10,7,9,8,9,7,2,10,7,5,10,8,8,9,7,10,9,9,6,8,7,7,1
195,1,33,NA,NA,NA,NA,1,NA,NA,NA,1,1,1,1,1,NA,1,NA,NA,NA,1,1,1,NA,1,1,1,1,NA,NA,NA,NA,NA,NA,13,4,4,6,9,6,5,7,5,6,4,4,6,1,4,6,7,1,5,3,6,6,4,4,6,6,5,8,5,0,6,5,7,2
199,1,28,NA,NA,NA,NA,NA,NA,NA,NA,NA,NA,NA,NA,1,1,1,NA,NA,NA,1,1,NA,NA,NA,1,1,NA,NA,NA,NA,NA,1,NA,10,4,10,7,5,9,10,7,8,9,8,8,10,7,6,9,6,1,10,9,7,9,10,7,9,10,8,9,7,7,7,9,10,1
28,1,22,NA,NA,NA,NA,NA,NA,1,1,1,1,NA,1,1,NA,1,NA,NA,NA,1,1,NA,NA,NA,NA,NA,NA,NA,NA,NA,NA,1,NA,12,5,7,5,8,7,7,7,9,6,7,9,7,4,6,7,8,1,6,9,6,9,7,9,7,5,6,7,6,5,6,8,7,2
203,1,24,NA,NA,1,NA,1,NA,NA,NA,NA,NA,NA,NA,NA,1,1,1,1,NA,1,NA,NA,NA,NA,NA,1,1,NA,NA,NA,NA,NA,NA,2,4,6,5,4,8,4,6,4,5,5,7,4,6,4,4,5,1,7,7,5,7,4,6,4,6,6,6,4,7,6,7,6,2
50,1,29,NA,NA,NA,NA,NA,NA,NA,NA,NA,NA,NA,NA,NA,NA,NA,NA,NA,NA,1,1,NA,NA,NA,NA,NA,NA,NA,1,NA,NA,NA,NA,12,6,6,6,6,4,8,8,6,6,6,7,6,4,6,3,6,1,3,6,3,4,6,6,4,4,4,2,5,5,3,4,4,1
91,1,25,NA,NA,NA,NA,NA,1,NA,NA,NA,NA,NA,NA,NA,NA,NA,NA,NA,1,NA,NA,NA,1,NA,NA,NA,NA,NA,NA,NA,NA,1,NA,12,4,6,5,5,6,4,8,4,7,8,5,5,7,6,2,4,2,2,7,5,5,4,6,5,6,6,5,5,8,6,4,5,3
216,1,22,1,NA,1,NA,NA,NA,NA,NA,NA,NA,NA,NA,1,1,1,1,NA,NA,NA,NA,NA,1,1,1,1,NA,NA,NA,NA,NA,1,NA,1,2,7,6,6,7,8,6,6,6,8,7,7,9,5,7,8,0,9,7,6,7,9,7,8,6,7,7,8,9,7,7,8,0
60,1,30,1,NA,NA,NA,NA,NA,NA,NA,NA,NA,NA,NA,NA,NA,NA,NA,NA,1,NA,NA,NA,NA,NA,NA,1,NA,NA,NA,NA,NA,1,NA,1,3,4,7,8,7,5,6,7,7,6,6,7,6,5,7,8,1,5,6,6,7,5,6,6,6,7,8,6,5,7,5,6,3
179,1,25,NA,1,1,1,NA,NA,NA,NA,NA,1,1,1,1,1,1,NA,NA,NA,1,1,NA,NA,NA,1,1,NA,NA,NA,NA,NA,1,NA,2,3,5,6,5,7,2,5,4,6,7,7,3,0,5,4,6,1,5,6,4,4,3,5,3,5,5,7,4,0,4,5,6,2
17,1,20,NA,NA,NA,NA,NA,NA,1,1,1,1,1,1,1,1,1,NA,NA,1,1,1,1,1,1,NA,NA,NA,NA,NA,NA,NA,1,NA,10,7,4,7,8,6,5,6,7,8,8,7,7,1,8,7,6,2,4,3,6,3,3,6,6,8,5,6,7,1,5,6,7,0
69,1,21,NA,NA,NA,NA,NA,1,NA,1,NA,NA,NA,NA,NA,NA,NA,NA,NA,NA,NA,NA,1,NA,NA,NA,NA,NA,1,NA,NA,NA,NA,NA,2,4,6,7,5,8,6,8,6,9,7,7,8,8,7,6,6,1,8,8,5,8,8,7,8,6,8,8,6,8,7,6,8,1
9,1,25,NA,1,NA,NA,NA,NA,1,NA,NA,NA,NA,NA,NA,NA,1,NA,NA,NA,NA,NA,NA,1,NA,NA,NA,NA,1,NA,NA,NA,NA,NA,1,1,8,8,5,7,6,9,10,5,8,5,9,4,8,9,7,2,5,8,6,5,9,6,7,8,7,5,7,1,7,9,8,2
106,1,34,1,NA,NA,NA,NA,NA,NA,NA,NA,NA,NA,NA,NA,1,1,1,1,NA,NA,NA,1,NA,NA,NA,NA,NA,1,NA,NA,NA,NA,NA,12,4,6,8,6,8,6,6,9,6,8,7,6,9,5,9,9,2,7,7,5,9,4,7,7,8,6,5,6,9,6,9,5,0
160,1,21,1,NA,NA,NA,NA,NA,NA,NA,NA,NA,NA,NA,NA,NA,NA,NA,NA,1,1,NA,NA,NA,NA,NA,NA,1,NA,NA,NA,NA,NA,NA,12,2,7,9,9,10,7,7,9,8,6,9,6,9,6,9,8,4,9,10,8,10,9,8,9,10,10,10,9,10,7,8,7,2
82,1,37,NA,1,NA,NA,NA,NA,1,NA,NA,NA,NA,NA,NA,NA,NA,NA,NA,NA,NA,NA,NA,NA,NA,1,NA,NA,1,NA,NA,NA,NA,NA,1,6,9,7,7,8,8,6,8,8,9,6,9,9,10,10,8,1,8,10,8,6,8,6,7,9,10,6,7,6,8,8,8,1
173,1,22,NA,NA,NA,NA,NA,NA,NA,NA,NA,NA,NA,NA,NA,NA,NA,NA,NA,NA,NA,NA,NA,NA,NA,NA,NA,NA,NA,1,NA,NA,NA,NA,1,2,8,4,6,6,6,7,6,6,7,8,8,8,9,6,6,0,6,6,4,6,6,8,6,6,7,9,8,9,7,6,5,3
112,1,20,1,NA,NA,NA,NA,NA,NA,NA,1,1,1,1,1,1,1,1,1,NA,1,1,1,NA,NA,NA,1,NA,NA,NA,NA,NA,1,NA,1,6,8,8,6,10,8,8,7,8,6,7,10,9,10,10,8,3,6,9,5,6,9,7,6,7,8,7,9,7,7,8,7,2
182,1,25,1,1,1,NA,NA,NA,NA,NA,NA,1,1,1,1,1,1,1,1,NA,NA,NA,NA,1,1,1,1,NA,NA,NA,NA,NA,1,NA,2,1,5,5,8,6,7,8,6,6,6,7,7,2,8,5,8,0,6,7,6,6,8,8,8,6,6,6,9,1,7,8,7,2
123,1,32,NA,NA,NA,NA,NA,1,NA,1,1,1,1,1,1,1,1,1,1,NA,1,NA,NA,NA,NA,NA,1,1,NA,NA,NA,NA,NA,NA,1,5,5,6,5,7,8,5,5,7,7,9,4,3,5,8,6,1,6,8,5,7,3,7,6,7,8,7,5,0,6,9,7,2
240,1,21,NA,1,NA,NA,NA,NA,NA,NA,NA,NA,NA,1,NA,NA,NA,NA,NA,NA,NA,NA,1,NA,NA,NA,NA,NA,NA,1,NA,NA,NA,NA,12,1,6,7,4,8,5,5,6,6,4,3,7,6,5,5,7,2,6,6,7,6,7,6,7,8,6,6,6,7,8,6,6,2
214,1,20,NA,NA,NA,NA,NA,NA,NA,NA,NA,NA,NA,NA,NA,NA,NA,NA,NA,NA,NA,NA,NA,NA,NA,NA,NA,NA,NA,NA,NA,NA,1,NA,1,3,6,7,5,5,5,7,6,8,6,7,7,4,8,9,8,2,5,5,3,4,6,6,6,8,5,5,6,1,6,7,5,2
144,1,20,NA,NA,NA,NA,1,NA,1,1,1,NA,NA,NA,NA,NA,NA,NA,NA,NA,1,NA,NA,NA,NA,NA,1,1,NA,NA,NA,NA,NA,NA,11,3,4,5,7,2,8,4,6,6,6,3,5,4,7,3,6,1,5,2,3,6,6,4,6,5,4,5,4,4,4,5,2,0
71,1,25,NA,NA,NA,1,1,NA,1,NA,1,1,1,1,1,NA,NA,NA,NA,NA,1,1,NA,NA,NA,NA,NA,1,NA,NA,NA,NA,NA,NA,13,5,9,8,6,9,9,8,10,8,10,7,10,5,9,10,5,1,10,8,6,9,8,7,8,9,8,6,7,4,7,10,7,2
93,1,34,NA,NA,1,NA,NA,NA,1,NA,NA,NA,NA,NA,NA,NA,NA,NA,NA,NA,1,NA,NA,NA,NA,NA,NA,NA,NA,1,NA,NA,NA,NA,1,1,10,9,6,8,10,7,7,7,9,9,8,6,8,9,8,1,9,9,9,7,10,9,10,9,10,7,9,3,9,9,8,1
74,1,35,NA,NA,NA,NA,NA,1,NA,NA,NA,NA,NA,NA,NA,NA,NA,NA,1,NA,1,1,1,NA,1,1,1,NA,NA,NA,NA,NA,1,NA,1,4,6,6,4,3,4,4,6,4,6,7,4,4,5,5,5,1,5,7,4,3,4,3,6,5,6,7,6,4,7,5,4,1
138,1,25,NA,NA,NA,NA,NA,1,NA,1,NA,NA,NA,NA,NA,NA,NA,NA,NA,NA,NA,NA,NA,NA,1,NA,NA,NA,NA,NA,NA,NA,1,NA,2,5,10,8,5,9,9,7,5,7,9,10,4,6,6,7,5,10,9,8,9,8,8,6,9,9,8,10,9,7,6,8,8,4
19,1,22,NA,1,NA,NA,NA,NA,NA,1,NA,NA,NA,NA,NA,NA,NA,NA,NA,NA,NA,NA,NA,1,NA,NA,NA,NA,1,NA,NA,NA,NA,NA,2,5,9,10,9,9,10,10,8,10,10,8,10,3,9,10,10,1,9,10,9,8,9,9,10,10,10,9,10,3,10,10,9,2
6,1,24,NA,1,NA,1,NA,NA,NA,NA,NA,NA,1,1,NA,1,1,1,1,NA,1,NA,NA,NA,NA,NA,1,NA,NA,NA,NA,NA,1,NA,1,4,2,6,5,6,7,7,7,6,7,5,9,0,7,5,5,3,2,5,4,2,6,6,5,5,3,4,4,2,6,3,6,2
244,1,34,NA,NA,NA,NA,NA,NA,NA,NA,NA,NA,NA,NA,NA,NA,NA,NA,NA,NA,NA,NA,NA,NA,NA,NA,NA,NA,NA,NA,NA,NA,1,NA,13,4,7,7,4,6,7,5,8,8,7,7,6,4,8,7,7,2,7,9,6,5,7,7,6,8,6,6,8,3,6,10,7,1
157,1,26,NA,NA,NA,NA,NA,NA,NA,NA,NA,NA,NA,NA,NA,NA,NA,NA,NA,NA,1,1,NA,NA,NA,NA,NA,NA,NA,NA,NA,NA,1,NA,2,6,6,5,4,4,6,5,6,6,6,6,4,7,7,6,6,1,4,5,5,5,5,3,2,6,5,6,5,5,8,5,6,1
34,1,27,NA,1,NA,NA,NA,1,NA,1,NA,NA,NA,NA,NA,NA,NA,NA,NA,NA,NA,NA,NA,1,NA,NA,NA,NA,NA,NA,NA,NA,1,NA,1,4,7,7,8,7,6,8,7,8,6,6,7,9,6,9,4,3,7,8,8,7,9,6,7,8,8,7,6,7,7,6,7,3
61,1,35,NA,NA,NA,NA,NA,1,NA,NA,NA,NA,NA,NA,NA,NA,NA,NA,1,NA,1,1,1,NA,1,1,1,NA,NA,NA,NA,NA,1,NA,1,4,5,6,6,6,5,3,3,6,5,4,6,3,6,6,5,1,6,6,7,4,5,5,5,5,7,5,5,3,6,7,7,4
111,1,32,NA,1,NA,NA,NA,NA,1,NA,NA,NA,NA,NA,NA,NA,NA,NA,NA,NA,1,NA,NA,NA,NA,NA,NA,NA,1,NA,NA,NA,NA,NA,1,1,7,7,7,5,5,6,8,7,7,6,9,9,5,6,7,1,8,6,7,7,4,4,8,7,9,8,8,9,3,6,8,0
52,1,22,1,1,1,1,1,NA,NA,NA,1,NA,NA,NA,1,1,1,NA,NA,NA,NA,NA,NA,NA,NA,1,1,NA,NA,NA,NA,NA,1,NA,2,2,8,3,6,6,5,8,6,6,7,6,6,8,5,6,3,2,9,5,9,6,7,6,6,7,7,7,8,8,8,4,6,2
100,1,20,NA,NA,NA,NA,NA,1,NA,NA,NA,NA,NA,NA,NA,NA,NA,NA,NA,1,NA,NA,NA,1,NA,NA,NA,NA,NA,NA,NA,NA,1,NA,12,7,10,9,6,10,8,7,7,9,10,10,7,8,7,10,8,1,10,8,7,9,9,8,7,8,8,9,10,10,8,10,6,1
209,1,21,1,NA,NA,NA,NA,NA,NA,NA,NA,NA,NA,NA,NA,NA,NA,NA,NA,1,1,NA,NA,NA,NA,NA,NA,1,NA,NA,NA,NA,NA,NA,12,2,7,5,4,6,5,4,4,3,6,3,4,3,7,7,6,1,8,9,6,6,7,7,7,5,9,5,6,5,9,8,7,0
217,1,31,1,1,1,1,1,NA,NA,1,NA,NA,NA,NA,NA,NA,NA,NA,NA,NA,NA,NA,NA,NA,NA,NA,1,NA,NA,NA,NA,NA,1,NA,2,7,8,5,4,6,5,3,3,5,6,8,4,1,6,4,6,2,8,8,8,7,6,6,7,5,9,10,6,4,7,9,7,2
96,1,28,1,1,1,1,1,1,NA,NA,NA,NA,1,NA,NA,NA,NA,NA,NA,NA,NA,NA,NA,NA,1,1,1,NA,NA,NA,NA,NA,1,NA,5,7,9,7,5,9,6,7,8,7,8,9,6,0,8,8,8,2,8,8,6,8,7,7,9,10,9,8,8,1,7,10,6,3
80,1,35,NA,NA,NA,NA,NA,NA,NA,NA,NA,NA,NA,NA,NA,NA,NA,1,NA,NA,NA,NA,NA,NA,NA,NA,NA,NA,1,NA,NA,NA,NA,NA,1,3,3,5,6,5,5,6,1,2,2,6,2,6,4,3,5,1,2,4,5,5,7,5,4,6,4,6,6,1,2,6,4,2
3,1,20,NA,NA,1,NA,NA,1,1,1,NA,NA,NA,NA,NA,NA,NA,NA,NA,NA,NA,NA,NA,NA,NA,1,1,NA,NA,1,NA,NA,NA,NA,1,6,5,5,7,6,8,8,8,7,6,5,7,6,8,4,6,1,6,7,6,5,7,8,8,7,6,5,5,5,5,7,5,1
75,1,25,1,1,1,NA,NA,NA,NA,NA,NA,1,1,1,1,1,1,1,1,NA,NA,NA,NA,1,1,1,1,NA,NA,NA,NA,NA,1,NA,2,1,6,6,7,8,6,7,8,9,8,4,9,3,8,8,4,2,8,6,7,8,6,8,8,6,8,6,7,5,7,6,5,0
122,1,25,NA,NA,NA,NA,NA,NA,NA,NA,NA,NA,NA,NA,NA,NA,NA,NA,NA,NA,NA,NA,NA,NA,NA,NA,NA,NA,NA,NA,NA,NA,1,NA,3,4,9,9,9,8,8,4,7,6,5,8,8,8,7,5,6,1,7,8,9,7,7,8,8,7,8,8,9,7,9,7,8,2
185,1,26,NA,NA,NA,NA,NA,NA,NA,NA,NA,NA,NA,NA,NA,NA,NA,NA,NA,NA,1,1,NA,NA,NA,NA,NA,NA,NA,NA,NA,NA,1,NA,2,6,3,4,4,5,4,3,3,1,3,2,5,4,3,4,4,2,5,6,5,3,4,4,5,5,6,2,4,3,3,7,5,2
245,1,30,NA,1,NA,NA,NA,NA,NA,NA,NA,1,1,NA,1,NA,NA,NA,NA,NA,1,NA,NA,NA,NA,NA,1,NA,NA,1,NA,NA,NA,NA,12,4,7,7,8,9,6,6,8,10,8,8,10,3,7,10,8,0,6,5,5,7,4,4,7,6,7,4,5,1,5,4,6,0
66,1,27,NA,NA,NA,NA,NA,NA,NA,NA,NA,1,1,1,1,1,1,1,1,1,NA,NA,NA,NA,1,1,1,1,NA,NA,NA,NA,NA,NA,2,2,7,6,5,5,7,6,7,6,7,5,9,3,8,7,3,1,6,5,6,5,7,5,5,4,6,4,3,4,4,4,2,0
158,1,24,NA,1,NA,NA,NA,NA,NA,NA,NA,1,NA,NA,NA,NA,1,NA,1,NA,NA,NA,NA,1,NA,NA,NA,NA,1,NA,NA,NA,NA,NA,9,4,6,9,8,8,7,8,3,6,6,5,4,8,5,6,8,1,6,9,9,8,5,5,6,6,7,5,8,7,6,7,6,1
234,1,21,NA,NA,NA,NA,NA,NA,NA,NA,NA,NA,NA,NA,NA,NA,NA,NA,NA,NA,NA,NA,NA,NA,NA,NA,NA,NA,1,NA,NA,NA,NA,NA,2,4,6,8,3,6,6,7,8,9,7,7,10,2,6,7,7,1,8,7,4,6,5,8,9,9,7,6,8,4,6,8,5,1
207,1,25,NA,NA,NA,NA,NA,NA,NA,NA,NA,NA,NA,NA,NA,NA,NA,NA,NA,NA,NA,NA,NA,NA,NA,NA,NA,NA,NA,NA,NA,NA,1,NA,1,2,7,8,6,8,10,8,7,7,8,6,7,7,9,7,8,1,7,6,3,7,7,9,6,4,8,7,6,7,6,8,5,1
81,1,23,NA,NA,NA,NA,NA,1,1,NA,NA,NA,NA,NA,NA,NA,NA,NA,NA,NA,NA,1,NA,NA,NA,NA,NA,NA,NA,NA,NA,NA,1,NA,1,1,3,5,3,6,6,5,5,5,3,5,7,4,8,7,5,2,7,4,5,6,8,7,6,7,6,5,6,5,5,7,4,0
169,1,28,NA,NA,NA,NA,NA,1,NA,1,NA,NA,NA,NA,NA,NA,NA,NA,NA,NA,NA,1,NA,NA,NA,NA,NA,NA,NA,NA,NA,NA,1,NA,1,2,6,7,8,7,8,6,6,5,6,6,8,9,7,8,9,1,9,6,8,8,9,7,7,7,10,7,10,5,7,9,8,0
223,1,28,1,1,1,1,1,1,NA,NA,NA,NA,1,NA,NA,NA,NA,NA,NA,NA,NA,NA,NA,NA,1,1,1,NA,NA,NA,NA,NA,1,NA,5,7,6,7,4,5,7,5,6,6,6,5,8,7,6,5,6,1,6,5,3,6,7,4,7,4,7,6,7,6,7,8,7,2
230,1,25,NA,1,NA,NA,NA,NA,1,NA,NA,NA,NA,NA,NA,NA,1,NA,NA,NA,NA,NA,NA,1,NA,NA,NA,NA,1,NA,NA,NA,NA,NA,1,1,8,7,7,7,5,7,6,6,6,7,6,5,8,8,7,2,7,7,4,7,5,3,7,8,5,6,5,4,5,9,7,1
118,1,27,NA,NA,NA,1,NA,NA,NA,NA,NA,1,1,NA,NA,NA,NA,NA,NA,NA,NA,NA,NA,1,NA,NA,NA,NA,NA,NA,NA,NA,1,NA,12,4,5,7,6,5,6,7,8,6,5,5,4,3,5,8,6,3,4,6,5,5,6,6,6,8,5,6,7,1,8,5,6,1
126,1,28,NA,NA,NA,NA,NA,1,NA,1,NA,NA,NA,NA,NA,NA,NA,NA,NA,NA,NA,1,NA,NA,NA,NA,NA,NA,NA,NA,NA,NA,1,NA,1,2,4,6,5,5,3,5,6,7,5,6,7,4,5,7,6,1,4,4,5,1,2,4,4,5,6,5,3,4,4,4,4,2
14,1,29,NA,NA,NA,NA,NA,1,1,NA,NA,NA,NA,NA,NA,NA,NA,NA,NA,NA,NA,NA,NA,NA,NA,1,NA,NA,NA,NA,NA,NA,1,NA,1,2,8,8,5,7,7,6,9,8,9,9,9,5,7,7,5,1,8,8,4,7,7,5,9,9,8,4,8,3,6,9,6,2
226,1,25,NA,1,NA,NA,NA,NA,NA,NA,NA,NA,NA,NA,NA,NA,NA,NA,NA,1,NA,NA,NA,NA,NA,NA,1,1,NA,NA,NA,NA,NA,NA,2,4,7,8,6,7,5,9,8,8,6,8,7,9,8,10,9,1,8,9,4,10,9,8,7,6,8,9,8,6,6,10,7,2
248,1,22,NA,NA,NA,NA,NA,NA,1,1,1,1,NA,1,1,NA,1,NA,NA,NA,1,1,NA,NA,NA,NA,NA,NA,NA,NA,NA,NA,1,NA,12,5,7,7,5,3,4,5,6,7,3,5,5,4,4,7,4,1,6,5,4,3,2,5,5,5,4,4,6,3,5,6,7,1
110,1,24,NA,NA,NA,NA,NA,1,NA,1,NA,NA,NA,NA,NA,NA,NA,NA,NA,NA,NA,NA,NA,NA,1,NA,NA,NA,NA,NA,NA,NA,1,NA,2,5,8,2,5,6,4,4,5,4,5,5,4,5,5,5,6,2,9,5,4,6,5,7,5,5,6,6,5,8,5,6,6,3
26,1,29,NA,NA,NA,NA,1,NA,NA,NA,1,1,1,1,NA,1,NA,1,1,NA,1,1,1,NA,NA,NA,NA,NA,1,NA,NA,NA,NA,NA,12,6,7,6,3,5,4,7,5,5,5,6,5,0,4,4,5,1,6,6,3,6,5,8,6,7,5,6,7,2,6,7,5,2
177,1,25,NA,NA,NA,NA,NA,1,NA,NA,NA,NA,NA,NA,NA,NA,NA,NA,NA,1,NA,NA,NA,1,NA,NA,NA,NA,NA,NA,NA,NA,1,NA,12,4,9,7,8,9,7,6,7,8,8,7,8,7,8,9,6,0,9,6,6,7,9,6,6,7,8,7,6,6,7,8,6,1
117,1,20,NA,NA,NA,NA,NA,NA,NA,NA,NA,NA,NA,NA,NA,NA,NA,NA,NA,NA,NA,NA,NA,NA,NA,NA,NA,NA,NA,NA,NA,NA,1,NA,1,3,8,7,8,8,8,8,7,8,9,6,8,3,10,10,7,1,6,7,6,5,6,5,6,7,5,3,7,1,5,8,6,1
67,1,30,NA,1,NA,NA,NA,NA,NA,NA,NA,1,1,NA,1,NA,NA,NA,NA,NA,1,NA,NA,NA,NA,NA,1,NA,NA,1,NA,NA,NA,NA,12,4,6,9,7,8,7,6,9,8,8,7,6,5,8,7,9,2,5,9,5,8,7,9,6,9,7,8,7,5,9,6,8,2
206,1,25,NA,1,NA,NA,NA,NA,1,NA,NA,NA,NA,NA,NA,NA,1,NA,NA,NA,NA,NA,NA,1,NA,NA,NA,NA,1,NA,NA,NA,NA,NA,1,1,4,7,8,7,8,7,6,5,6,8,5,10,6,6,6,1,2,6,5,5,6,7,4,5,6,8,5,9,6,5,6,1
41,1,32,NA,NA,NA,NA,1,NA,NA,NA,NA,NA,NA,NA,NA,NA,NA,NA,NA,1,NA,NA,NA,NA,NA,1,NA,1,NA,NA,NA,NA,NA,NA,9,5,8,6,4,8,6,5,3,8,8,9,5,6,8,7,7,1,7,7,5,8,6,4,6,6,7,6,4,6,7,9,6,2
39,1,21,NA,1,NA,NA,NA,NA,1,NA,NA,NA,NA,NA,NA,NA,NA,NA,NA,NA,NA,1,NA,NA,NA,NA,NA,NA,NA,NA,NA,1,NA,NA,1,2,7,9,9,9,8,8,6,9,8,7,9,5,5,9,9,1,8,8,8,9,4,8,6,9,9,7,9,5,8,7,9,3
168,1,27,NA,NA,NA,NA,NA,NA,NA,NA,NA,NA,NA,NA,NA,NA,NA,NA,NA,NA,1,NA,NA,NA,NA,NA,1,NA,NA,NA,NA,NA,1,NA,12,4,9,6,5,9,7,6,6,9,10,10,6,2,6,9,7,0,8,8,6,8,6,6,9,7,8,10,6,5,5,9,7,0
193,1,24,NA,NA,NA,NA,NA,NA,NA,NA,NA,NA,NA,NA,NA,NA,NA,1,NA,NA,1,NA,NA,NA,NA,NA,NA,NA,NA,NA,NA,NA,1,NA,11,3,9,6,7,7,7,7,9,10,7,8,5,8,7,4,6,1,7,7,7,10,7,10,8,9,7,7,7,9,9,8,7,1
5,1,21,NA,NA,NA,NA,NA,NA,NA,NA,NA,1,1,1,1,1,1,1,1,1,NA,NA,NA,NA,NA,NA,NA,NA,NA,NA,NA,NA,1,NA,2,5,9,10,8,9,9,5,7,9,10,8,7,6,8,9,8,2,10,8,7,4,5,7,6,9,5,7,8,3,7,9,7,1
155,1,25,1,NA,1,NA,1,1,1,1,NA,NA,NA,NA,NA,NA,NA,NA,NA,1,NA,NA,NA,NA,1,1,1,NA,NA,NA,NA,NA,1,NA,2,6,6,8,6,8,8,6,5,7,7,8,7,9,7,5,7,3,7,7,6,7,6,6,7,7,6,7,7,10,6,6,6,2
127,1,25,NA,NA,NA,NA,NA,NA,NA,NA,NA,NA,NA,NA,NA,NA,NA,NA,NA,NA,NA,NA,NA,NA,NA,NA,NA,NA,NA,NA,NA,NA,1,NA,1,1,8,8,8,7,10,6,5,8,10,10,7,10,8,7,7,0,8,10,10,9,10,8,7,9,8,10,8,10,8,9,8,1
239,1,28,NA,NA,NA,NA,NA,NA,NA,NA,NA,NA,NA,NA,NA,NA,NA,NA,NA,NA,NA,NA,NA,NA,NA,NA,NA,NA,1,NA,NA,NA,NA,NA,2,2,5,6,4,6,8,6,6,6,6,5,6,5,5,7,8,0,4,6,5,4,9,6,5,8,7,5,8,4,4,9,8,1
231,1,31,NA,NA,NA,1,NA,NA,1,1,1,1,1,1,NA,1,1,1,1,1,1,NA,NA,NA,NA,NA,NA,1,NA,NA,NA,NA,NA,NA,7,6,9,7,6,8,5,4,6,6,9,9,7,6,9,9,7,4,8,9,6,8,8,5,7,6,9,8,5,6,8,9,7,3
7,1,29,NA,1,1,NA,NA,NA,NA,NA,1,1,NA,NA,NA,NA,1,NA,NA,NA,1,1,NA,NA,NA,NA,NA,NA,NA,NA,NA,NA,1,NA,5,6,7,9,10,8,6,5,8,8,7,8,7,7,9,8,8,2,8,8,9,9,9,6,9,7,9,9,8,9,10,9,7,2
54,1,24,1,1,NA,NA,NA,NA,NA,NA,NA,NA,NA,NA,NA,NA,NA,1,NA,NA,NA,NA,NA,NA,1,1,1,NA,NA,NA,NA,NA,1,NA,1,1,10,8,7,8,9,7,8,5,10,7,7,6,8,9,8,3,8,7,5,6,4,3,7,8,9,8,6,2,4,7,6,1
136,1,32,NA,NA,NA,NA,NA,1,NA,1,1,1,1,1,1,1,1,1,1,NA,1,NA,NA,NA,NA,NA,1,1,NA,NA,NA,NA,NA,NA,1,5,8,7,5,8,9,7,7,6,9,6,10,0,8,8,8,2,6,8,6,6,7,5,8,8,7,5,8,2,6,9,6,0
249,1,30,NA,NA,NA,NA,NA,1,NA,1,NA,NA,NA,NA,NA,NA,NA,NA,NA,NA,NA,1,NA,NA,NA,NA,NA,NA,NA,NA,NA,NA,1,NA,2,4,9,9,7,8,7,8,9,7,7,10,10,9,5,10,8,2,9,8,8,7,4,7,9,9,10,8,10,9,9,8,8,0
94,1,24,NA,NA,NA,NA,1,NA,NA,NA,NA,NA,NA,NA,NA,NA,NA,1,NA,NA,NA,NA,NA,NA,1,1,1,NA,NA,NA,NA,NA,1,NA,2,1,10,10,6,10,10,9,9,10,10,10,10,8,10,10,10,1,9,8,6,8,10,7,8,9,8,8,9,7,7,10,9,0
163,1,28,NA,NA,NA,NA,NA,1,NA,1,NA,NA,NA,NA,NA,NA,NA,NA,NA,NA,NA,1,NA,NA,NA,NA,NA,NA,NA,NA,NA,NA,1,NA,1,2,3,5,8,5,5,5,3,5,6,7,3,6,7,4,5,1,6,6,9,7,4,6,5,5,7,10,5,7,6,4,6,1
247,1,25,NA,NA,NA,NA,NA,1,NA,NA,NA,NA,NA,NA,NA,NA,NA,NA,NA,1,NA,NA,NA,1,NA,NA,NA,NA,NA,NA,NA,NA,1,NA,12,4,7,9,8,7,10,9,8,7,9,10,7,7,9,10,9,1,8,10,10,7,10,7,10,8,10,9,10,6,6,10,8,1
114,1,34,NA,1,NA,NA,NA,NA,NA,1,NA,NA,NA,NA,NA,NA,NA,NA,NA,NA,NA,NA,NA,1,NA,NA,NA,NA,NA,1,NA,NA,NA,NA,13,6,10,9,7,9,9,7,8,8,9,9,10,7,8,10,8,2,10,9,9,10,10,10,10,7,10,7,8,10,8,8,9,2
130,1,23,NA,1,1,NA,NA,NA,NA,NA,NA,NA,NA,NA,NA,NA,NA,NA,NA,1,NA,NA,NA,NA,1,1,1,NA,1,1,NA,NA,NA,NA,11,1,8,9,7,7,10,9,9,10,8,7,8,4,7,9,9,2,7,7,8,9,9,8,5,8,7,7,9,7,9,9,10,2
56,1,19,NA,NA,NA,NA,NA,NA,NA,NA,NA,NA,NA,NA,NA,NA,NA,NA,NA,NA,1,NA,NA,NA,NA,NA,NA,NA,1,NA,NA,NA,NA,NA,13,7,9,4,4,5,5,4,3,5,7,7,6,0,5,8,6,0,7,6,6,7,5,6,7,7,9,7,6,1,6,7,6,2
235,1,18,NA,1,NA,NA,NA,NA,1,NA,NA,NA,NA,NA,NA,NA,NA,NA,NA,NA,NA,NA,1,1,NA,NA,NA,NA,1,NA,NA,NA,NA,NA,2,4,8,7,8,6,7,6,6,7,7,6,8,8,8,6,9,1,8,8,8,6,8,5,8,5,7,5,6,6,8,6,6,0
188,1,24,NA,NA,NA,NA,NA,NA,NA,NA,NA,NA,NA,NA,NA,NA,NA,1,NA,NA,1,NA,NA,NA,NA,NA,NA,NA,NA,NA,NA,NA,1,NA,11,3,7,7,7,5,8,9,6,8,8,5,8,9,6,8,6,2,9,7,7,6,9,7,8,6,6,6,7,10,5,9,6,0
40,1,26,NA,1,NA,NA,NA,NA,NA,NA,NA,NA,NA,NA,1,NA,NA,NA,NA,NA,NA,1,NA,NA,NA,NA,NA,NA,NA,1,NA,NA,NA,NA,2,7,1,3,4,5,6,4,3,3,2,4,3,7,7,5,6,2,3,6,2,4,5,6,2,7,5,5,6,2,7,6,6,2
237,1,25,NA,NA,NA,1,1,NA,1,NA,1,1,1,1,1,NA,NA,NA,NA,NA,1,1,NA,NA,NA,NA,NA,1,NA,NA,NA,NA,NA,NA,13,5,9,7,4,9,9,8,7,7,8,7,7,5,6,7,8,3,7,9,8,9,10,8,10,10,10,8,10,5,10,9,9,2
166,1,27,NA,NA,NA,NA,NA,1,1,NA,NA,NA,NA,NA,NA,NA,NA,NA,NA,NA,NA,1,NA,NA,NA,NA,NA,NA,NA,NA,NA,NA,1,NA,1,5,8,7,8,9,5,7,10,7,7,7,9,1,5,9,7,3,4,6,5,5,3,3,7,6,6,6,6,1,6,8,7,2
97,1,24,NA,NA,1,NA,1,NA,NA,NA,NA,NA,NA,NA,NA,1,1,1,1,NA,1,NA,NA,NA,NA,NA,1,1,NA,NA,NA,NA,NA,NA,2,4,7,9,5,6,6,6,8,7,8,9,7,1,8,9,6,2,5,8,3,5,7,5,8,7,7,9,6,3,8,5,5,2
178,1,32,1,NA,NA,NA,NA,NA,NA,NA,NA,NA,NA,NA,NA,NA,1,NA,NA,NA,NA,NA,NA,NA,NA,1,NA,1,NA,NA,NA,NA,NA,NA,9,3,6,5,5,6,6,2,6,7,6,8,4,7,7,7,5,2,4,3,2,3,1,4,4,7,5,7,4,7,4,4,5,1
161,1,31,NA,NA,NA,NA,NA,NA,NA,NA,NA,NA,NA,NA,NA,NA,NA,NA,NA,NA,1,1,NA,NA,NA,NA,NA,NA,NA,NA,NA,NA,1,NA,10,6,8,5,5,8,4,6,9,7,6,6,8,4,5,7,7,1,6,7,5,8,5,7,9,7,7,6,7,4,6,9,8,0
129,1,21,1,NA,NA,NA,NA,NA,NA,NA,NA,1,NA,NA,NA,NA,NA,1,NA,NA,1,NA,NA,NA,NA,NA,1,NA,1,NA,NA,NA,NA,NA,1,4,8,6,5,8,9,3,5,5,8,7,5,8,5,7,5,1,8,7,5,5,6,6,6,6,6,6,5,6,4,9,6,0
46,1,25,NA,NA,NA,NA,NA,NA,NA,NA,NA,NA,NA,NA,NA,NA,NA,NA,NA,NA,NA,NA,NA,NA,NA,NA,NA,NA,NA,1,NA,NA,NA,NA,12,4,6,7,2,5,4,2,5,6,5,7,7,5,5,5,5,2,7,7,5,4,2,3,7,7,6,6,7,5,4,7,5,2
208,1,30,1,1,1,1,1,1,1,1,1,1,1,1,1,1,1,1,1,1,NA,1,1,1,1,1,NA,NA,NA,1,NA,NA,1,NA,2,4,8,8,6,7,6,9,7,6,9,6,9,3,6,10,6,2,6,8,5,7,5,6,8,8,6,6,7,0,7,9,6,1
187,1,30,NA,1,NA,NA,NA,NA,NA,NA,NA,NA,NA,NA,NA,NA,NA,NA,NA,1,NA,NA,NA,NA,NA,NA,1,NA,1,NA,NA,NA,NA,NA,13,3,3,4,8,7,5,5,4,7,6,5,4,0,4,4,4,3,4,5,5,4,7,5,6,6,7,6,3,0,6,4,5,1
213,1,28,NA,NA,NA,NA,NA,1,NA,1,NA,NA,NA,NA,NA,NA,NA,NA,NA,NA,NA,1,NA,NA,NA,NA,NA,NA,NA,NA,NA,NA,1,NA,1,2,4,2,5,3,3,3,4,6,4,3,3,0,6,5,5,3,3,4,2,3,3,2,4,5,3,2,5,0,2,5,3,0
85,1,21,NA,NA,NA,NA,NA,NA,NA,NA,NA,1,1,1,1,1,1,1,1,1,NA,NA,NA,NA,NA,NA,NA,NA,NA,NA,NA,NA,1,NA,2,5,7,10,8,7,9,10,10,9,10,10,9,6,8,8,7,1,8,8,9,9,8,9,10,8,10,10,8,7,9,7,7,2
159,1,21,NA,NA,NA,NA,NA,1,NA,NA,NA,NA,NA,NA,NA,NA,NA,1,NA,NA,NA,NA,1,NA,NA,NA,NA,NA,NA,NA,NA,NA,1,NA,13,3,10,8,6,7,6,6,8,9,7,9,8,5,4,9,6,0,9,8,8,8,6,6,8,8,10,9,8,3,7,10,9,2
90,1,24,NA,NA,NA,NA,1,NA,NA,NA,NA,NA,NA,NA,1,NA,NA,NA,NA,NA,NA,NA,1,NA,NA,NA,NA,NA,1,NA,NA,NA,NA,NA,1,1,6,7,6,7,5,7,7,8,8,9,7,6,9,7,7,1,6,6,5,6,3,8,7,8,7,8,8,5,7,7,8,3
58,1,23,NA,NA,NA,NA,NA,NA,NA,1,1,1,1,1,1,1,1,1,1,NA,NA,NA,NA,NA,NA,1,1,NA,NA,NA,NA,NA,1,NA,1,2,4,5,8,5,8,5,7,4,5,7,4,9,7,4,6,1,3,5,7,6,6,6,6,6,6,6,5,5,4,5,7,2
37,1,21,NA,1,NA,NA,NA,NA,NA,NA,NA,NA,NA,1,NA,NA,NA,NA,NA,NA,NA,NA,1,NA,NA,NA,NA,NA,NA,1,NA,NA,NA,NA,12,1,6,4,4,2,3,3,6,5,5,2,5,4,3,4,4,2,8,6,3,5,4,4,3,5,3,4,5,6,3,4,4,1
183,1,22,NA,NA,NA,NA,NA,NA,NA,NA,NA,NA,NA,NA,NA,NA,NA,NA,NA,NA,1,NA,NA,NA,NA,NA,NA,1,NA,NA,NA,NA,NA,NA,2,5,8,9,9,10,7,9,8,8,5,6,9,2,10,10,10,2,10,10,10,7,10,8,10,9,10,9,9,3,8,10,10,1
63,1,22,1,1,1,1,1,NA,NA,NA,1,NA,NA,NA,1,1,1,NA,NA,NA,NA,NA,NA,NA,NA,1,1,NA,NA,NA,NA,NA,1,NA,2,2,8,9,8,9,7,7,8,10,9,8,7,6,9,9,9,3,9,8,9,8,10,9,8,9,8,10,8,7,9,9,9,2
241,1,25,NA,1,NA,NA,NA,NA,NA,NA,NA,NA,NA,NA,NA,NA,NA,NA,NA,1,NA,NA,NA,NA,NA,NA,1,1,NA,NA,NA,NA,NA,NA,2,4,5,5,5,5,5,7,6,5,6,3,7,4,4,5,4,1,5,6,4,7,6,5,4,6,6,5,6,4,6,7,5,2
25,1,31,1,1,1,1,1,NA,NA,NA,1,1,1,1,1,1,1,1,1,NA,1,NA,NA,NA,NA,NA,1,NA,NA,NA,NA,NA,1,NA,2,4,8,8,6,7,6,9,10,9,6,7,10,5,7,8,8,2,7,8,8,8,8,7,8,8,7,7,8,8,6,8,8,2
101,1,28,1,1,1,1,1,1,NA,NA,1,1,NA,1,NA,NA,NA,NA,NA,NA,1,1,NA,NA,NA,NA,NA,NA,NA,NA,NA,NA,1,NA,12,5,10,8,7,7,10,9,7,6,10,9,8,9,7,9,7,1,9,9,7,7,7,7,6,7,7,9,10,10,7,8,7,1
238,1,34,NA,NA,NA,NA,NA,NA,NA,NA,NA,NA,NA,NA,NA,NA,NA,NA,NA,NA,NA,NA,NA,NA,NA,NA,NA,NA,NA,NA,NA,NA,1,NA,13,4,9,10,7,9,8,10,10,9,10,10,8,6,7,9,7,1,7,7,5,7,5,8,5,5,7,6,6,7,6,5,6,1
205,1,24,NA,NA,NA,NA,NA,NA,NA,NA,NA,NA,NA,NA,NA,NA,NA,NA,NA,NA,NA,NA,NA,NA,NA,NA,NA,NA,NA,NA,NA,NA,1,NA,4,2,7,5,7,6,5,5,7,6,6,4,5,5,7,7,6,2,6,4,3,5,7,5,7,7,6,3,4,5,4,5,4,0
139,1,26,NA,NA,NA,NA,NA,1,NA,NA,NA,NA,NA,NA,NA,NA,NA,NA,1,NA,NA,NA,NA,NA,NA,NA,1,NA,NA,NA,NA,NA,1,NA,11,7,8,7,8,7,6,8,9,5,6,6,7,7,8,9,4,1,9,6,6,8,6,7,9,6,9,8,8,5,5,8,5,0
30,1,35,NA,NA,NA,NA,NA,1,NA,NA,NA,NA,NA,NA,NA,NA,NA,NA,NA,1,NA,NA,NA,1,NA,NA,NA,NA,NA,NA,NA,NA,1,NA,12,3,7,8,6,9,6,8,8,7,9,9,7,9,6,8,6,1,8,8,7,7,6,8,5,8,8,7,7,8,7,7,8,2
189,1,23,1,1,NA,NA,NA,NA,1,NA,NA,NA,NA,NA,NA,NA,NA,NA,NA,NA,NA,NA,NA,NA,NA,1,NA,NA,NA,NA,NA,NA,1,NA,1,6,9,5,4,8,6,5,8,6,8,5,4,1,4,4,4,2,8,8,3,6,7,6,9,7,7,7,6,0,5,9,7,1
43,1,20,1,1,1,NA,1,1,1,1,NA,NA,NA,NA,1,1,1,1,NA,NA,NA,NA,1,1,1,NA,NA,NA,1,NA,NA,NA,NA,NA,7,4,6,6,7,7,2,7,6,8,6,3,9,1,6,8,7,1,7,7,5,6,4,7,5,7,6,3,8,2,6,6,8,1
181,1,28,NA,NA,NA,1,NA,NA,NA,NA,NA,NA,NA,NA,1,NA,NA,NA,NA,NA,1,1,NA,NA,NA,NA,NA,NA,NA,NA,NA,NA,1,NA,10,4,10,7,4,9,7,9,9,10,10,10,9,5,5,10,6,0,7,8,6,7,5,8,9,10,8,7,9,2,8,8,7,0
191,1,24,NA,NA,NA,NA,NA,NA,NA,NA,NA,NA,NA,NA,NA,NA,NA,NA,NA,NA,NA,NA,NA,NA,NA,NA,NA,NA,NA,NA,NA,NA,1,NA,4,2,3,5,5,7,4,5,6,5,5,3,6,7,6,5,5,2,4,4,4,5,3,6,5,6,4,3,2,8,5,3,6,2
65,1,20,NA,NA,1,NA,NA,NA,NA,NA,NA,NA,NA,NA,NA,NA,NA,1,NA,NA,NA,NA,1,NA,NA,NA,NA,NA,NA,NA,NA,NA,1,NA,13,4,9,6,5,6,9,5,5,7,7,7,6,5,6,7,4,2,7,8,7,7,9,7,9,9,8,10,8,4,9,7,8,1
22,1,24,1,1,1,1,1,NA,1,NA,NA,NA,NA,NA,NA,NA,NA,1,1,1,1,NA,NA,NA,NA,NA,1,NA,NA,NA,NA,NA,1,NA,11,3,6,2,3,6,1,4,7,4,5,6,4,0,3,5,4,1,7,4,4,4,5,4,4,4,7,2,5,0,2,6,4,0
47,1,25,NA,NA,NA,NA,NA,NA,NA,NA,NA,NA,NA,NA,NA,NA,NA,NA,NA,NA,NA,NA,NA,NA,NA,NA,NA,NA,NA,NA,NA,NA,1,NA,1,1,10,6,5,8,9,6,10,10,9,10,5,1,6,10,7,1,6,7,6,7,8,7,7,8,8,8,8,2,8,9,6,1
197,1,24,NA,NA,NA,NA,NA,NA,NA,NA,NA,NA,NA,NA,NA,NA,NA,1,NA,NA,1,NA,NA,NA,NA,NA,NA,NA,NA,NA,NA,NA,1,NA,11,3,6,8,6,8,6,6,7,7,7,6,6,2,9,9,9,2,8,8,7,7,8,8,8,8,8,7,7,1,7,9,5,2
154,1,31,NA,NA,NA,NA,NA,1,NA,NA,NA,NA,NA,NA,NA,NA,NA,NA,NA,1,NA,1,NA,NA,NA,NA,NA,NA,NA,NA,NA,NA,1,NA,12,3,5,3,6,4,4,6,5,6,5,4,6,1,3,1,5,2,7,3,3,6,4,8,5,6,5,5,5,2,4,3,6,3
131,1,29,NA,1,1,NA,NA,NA,NA,NA,1,1,NA,NA,NA,NA,1,NA,NA,NA,1,1,NA,NA,NA,NA,NA,NA,NA,NA,NA,NA,1,NA,5,6,5,7,6,5,9,5,6,6,7,7,7,7,6,6,3,2,6,3,4,5,8,4,7,4,4,7,4,5,4,5,5,2
70,1,27,NA,NA,NA,NA,NA,NA,NA,NA,NA,NA,NA,NA,NA,NA,NA,NA,NA,NA,NA,NA,NA,NA,NA,NA,NA,NA,1,NA,NA,NA,NA,NA,2,3,8,7,6,8,6,6,7,8,7,6,8,6,8,7,6,1,9,9,6,9,6,8,10,8,8,7,9,8,9,10,7,0
109,1,22,1,NA,1,NA,NA,NA,NA,NA,NA,NA,NA,NA,1,1,1,1,NA,NA,NA,NA,NA,1,1,1,1,NA,NA,NA,NA,NA,1,NA,1,2,10,4,4,8,8,6,6,7,9,9,8,9,9,9,6,0,10,7,7,9,9,7,9,8,8,10,8,10,8,10,7,1
174,1,29,NA,NA,NA,NA,NA,1,1,1,1,1,1,1,1,1,1,1,1,1,NA,NA,NA,1,NA,NA,NA,NA,NA,NA,NA,NA,1,NA,12,5,7,10,8,7,6,6,9,9,9,9,9,4,9,10,7,2,6,8,7,7,5,7,8,8,8,9,7,2,6,9,6,1
135,1,48,1,1,NA,NA,1,NA,NA,NA,NA,NA,NA,NA,1,1,1,1,1,NA,1,NA,NA,NA,NA,NA,1,NA,NA,NA,NA,NA,1,NA,12,4,3,3,4,3,2,3,3,4,4,5,3,7,3,5,4,2,5,6,6,6,4,5,4,7,5,7,8,5,7,5,6,3
228,1,23,1,1,NA,NA,NA,NA,1,NA,NA,NA,NA,NA,NA,NA,NA,NA,NA,NA,NA,NA,NA,NA,NA,1,NA,NA,NA,NA,NA,NA,1,NA,1,6,8,8,7,8,8,7,8,10,10,8,9,3,7,9,7,2,6,6,4,6,7,7,7,7,7,6,9,4,4,6,6,3
151,1,28,1,1,1,1,1,1,NA,NA,1,1,NA,1,NA,NA,NA,NA,NA,NA,1,1,NA,NA,NA,NA,NA,NA,NA,NA,NA,NA,1,NA,12,5,6,6,7,6,5,7,5,6,6,8,6,10,7,6,6,1,6,7,3,7,5,6,4,5,5,6,5,7,7,3,5,0
87,1,35,NA,NA,NA,NA,1,NA,NA,NA,NA,NA,NA,NA,1,NA,NA,NA,NA,NA,NA,NA,NA,1,NA,NA,NA,1,NA,NA,NA,NA,NA,NA,12,4,5,6,1,6,7,6,4,3,3,3,7,7,6,6,5,1,7,6,4,4,4,4,6,6,6,4,7,4,6,7,5,1
11,1,25,NA,NA,NA,NA,NA,NA,NA,NA,NA,NA,NA,NA,NA,NA,NA,NA,NA,NA,NA,NA,NA,NA,NA,NA,NA,NA,NA,1,NA,NA,NA,NA,12,4,4,6,5,6,5,5,2,5,6,7,5,6,7,5,6,4,5,4,3,6,5,6,4,6,4,7,5,3,4,5,4,2
134,1,25,NA,NA,NA,NA,NA,NA,NA,NA,NA,NA,NA,NA,NA,NA,NA,NA,NA,NA,NA,NA,NA,NA,NA,NA,NA,NA,NA,NA,NA,NA,1,NA,1,2,9,8,5,8,7,8,9,7,8,3,8,4,4,7,7,1,7,7,5,7,8,5,9,7,7,5,7,2,7,7,7,0
88,1,20,NA,1,NA,NA,NA,NA,NA,1,NA,NA,NA,NA,NA,NA,NA,NA,NA,NA,NA,1,NA,NA,NA,NA,NA,NA,1,NA,NA,NA,NA,NA,1,2,8,9,9,9,7,9,9,10,10,8,10,6,9,10,8,1,9,7,10,10,6,9,8,7,9,7,8,7,8,10,8,1
219,1,25,NA,1,NA,NA,NA,NA,1,NA,NA,NA,NA,NA,NA,NA,NA,NA,NA,NA,NA,NA,NA,NA,NA,NA,1,NA,1,NA,NA,NA,NA,NA,1,7,10,8,5,9,9,7,9,9,10,10,10,7,8,10,9,1,7,7,6,8,7,8,7,10,6,7,7,6,9,8,7,2
16,1,32,NA,NA,NA,NA,1,NA,NA,NA,NA,NA,NA,NA,NA,NA,NA,1,NA,NA,1,1,NA,NA,NA,NA,NA,NA,NA,NA,NA,NA,1,NA,2,3,9,7,5,8,7,7,5,7,7,6,9,7,8,8,7,1,7,8,5,7,6,6,6,7,7,5,8,5,9,8,7,2
196,1,30,NA,1,NA,NA,1,NA,NA,1,NA,NA,NA,NA,NA,NA,NA,NA,NA,NA,1,NA,NA,NA,NA,NA,1,NA,NA,NA,NA,NA,1,NA,1,6,7,6,8,9,6,6,9,8,5,9,6,3,6,8,5,3,6,6,9,6,4,7,7,8,9,7,7,3,7,8,7,1
59,1,33,NA,NA,NA,NA,NA,NA,NA,NA,NA,NA,NA,NA,NA,NA,NA,NA,NA,NA,NA,NA,NA,NA,NA,NA,NA,NA,NA,NA,NA,NA,1,NA,8,5,10,6,8,8,8,8,6,8,10,10,9,6,8,4,6,2,6,7,7,8,8,6,8,7,7,8,8,6,7,7,6,2
29,1,27,NA,NA,NA,1,NA,NA,NA,NA,NA,1,1,NA,NA,NA,NA,NA,NA,NA,NA,NA,NA,1,NA,NA,NA,NA,NA,NA,NA,NA,1,NA,12,4,5,9,10,8,7,7,8,9,8,7,10,5,9,7,9,3,5,7,6,7,8,6,8,9,6,8,8,3,8,5,7,3
95,1,36,NA,1,NA,NA,NA,NA,NA,NA,NA,NA,NA,NA,1,1,1,1,NA,NA,1,1,NA,NA,NA,NA,NA,NA,NA,1,NA,NA,NA,NA,2,7,8,7,5,7,5,7,8,7,6,6,9,2,7,7,7,1,8,8,5,5,8,6,6,9,8,7,7,0,8,9,7,1
141,1,26,1,NA,NA,1,NA,NA,NA,NA,NA,NA,NA,NA,NA,NA,1,NA,NA,NA,1,NA,NA,NA,NA,NA,1,NA,NA,NA,NA,NA,1,NA,12,5,6,5,6,7,6,5,4,6,4,8,4,1,5,3,4,2,4,4,4,3,7,3,5,5,4,3,3,0,4,3,4,2
132,1,20,1,1,1,NA,1,1,1,1,NA,NA,NA,NA,1,1,1,1,NA,NA,NA,NA,1,1,1,NA,NA,NA,1,NA,NA,NA,NA,NA,7,4,6,5,6,6,6,7,4,7,4,6,7,1,8,6,7,1,5,4,5,4,7,5,4,7,4,7,7,4,6,4,4,1
48,1,31,NA,1,NA,NA,NA,NA,NA,NA,NA,NA,NA,NA,NA,NA,NA,NA,NA,1,NA,NA,NA,NA,1,NA,NA,NA,1,NA,NA,NA,NA,NA,12,4,8,8,7,10,4,8,9,6,8,7,7,1,7,9,8,3,6,8,6,7,8,7,4,8,7,5,9,1,6,8,7,1
76,1,35,NA,NA,NA,1,1,NA,NA,NA,NA,NA,NA,NA,NA,NA,NA,NA,NA,1,NA,NA,NA,NA,1,1,NA,NA,NA,NA,NA,NA,1,NA,12,5,8,10,7,8,8,7,7,8,7,8,7,2,7,8,6,1,7,9,9,6,9,7,9,10,7,7,9,4,8,9,6,2
250,1,25,NA,NA,NA,NA,NA,NA,NA,NA,NA,NA,NA,NA,NA,NA,NA,NA,NA,NA,NA,NA,NA,NA,NA,NA,NA,NA,NA,NA,NA,NA,1,NA,11,5,8,6,2,5,5,6,7,7,6,6,7,3,2,8,5,0,5,4,3,4,7,6,5,7,6,4,6,2,5,5,5,1
201,1,22,NA,1,NA,NA,NA,NA,NA,NA,1,NA,NA,NA,NA,NA,NA,NA,NA,NA,NA,NA,1,NA,NA,NA,NA,NA,NA,1,NA,NA,NA,NA,2,4,5,9,5,9,7,7,4,7,8,7,8,7,6,8,8,1,6,7,5,6,6,8,7,7,6,6,8,4,8,9,7,1
73,1,24,NA,1,NA,NA,NA,NA,1,NA,NA,NA,NA,NA,NA,NA,NA,NA,NA,NA,NA,NA,NA,NA,NA,NA,1,NA,1,NA,NA,NA,NA,NA,1,7,10,10,9,10,10,10,10,10,10,10,10,10,10,9,10,1,7,9,7,9,10,10,10,10,10,9,9,8,9,7,9,2
170,1,23,NA,1,NA,1,1,NA,NA,NA,NA,NA,NA,NA,NA,NA,NA,1,1,NA,NA,NA,NA,1,NA,NA,NA,NA,NA,NA,NA,NA,1,NA,12,1,2,1,5,1,4,3,2,4,1,3,3,5,4,3,3,2,2,3,4,4,3,6,3,5,3,1,3,2,4,2,4,1
20,1,23,NA,NA,NA,NA,1,NA,NA,NA,NA,NA,NA,NA,1,1,1,1,1,NA,1,NA,NA,NA,NA,NA,1,NA,NA,NA,NA,NA,1,NA,12,3,6,8,8,10,8,7,6,9,9,6,9,2,9,9,7,2,8,9,6,8,8,8,8,8,9,9,8,1,9,9,9,2
72,1,20,NA,1,NA,NA,NA,NA,NA,NA,NA,NA,NA,NA,NA,NA,NA,NA,NA,1,NA,NA,1,NA,1,NA,NA,NA,1,NA,NA,NA,NA,NA,12,5,6,5,6,5,7,3,6,5,4,7,7,1,4,5,5,4,7,4,2,7,7,3,6,4,5,7,4,2,3,7,4,2
192,1,31,1,1,1,1,NA,NA,NA,1,NA,NA,NA,NA,NA,NA,NA,NA,NA,NA,NA,NA,NA,1,NA,NA,NA,NA,NA,NA,NA,NA,1,NA,2,4,8,7,4,7,5,7,6,7,7,8,7,5,5,7,8,1,6,7,4,6,6,6,7,8,7,6,7,5,6,7,6,1
62,1,30,NA,NA,NA,1,1,NA,NA,NA,NA,NA,NA,NA,NA,NA,NA,NA,NA,NA,1,1,1,1,NA,NA,NA,NA,NA,NA,NA,NA,1,NA,2,7,5,6,5,5,4,6,7,8,7,8,7,5,6,7,8,3,8,7,6,7,4,6,6,7,5,5,8,3,5,8,6,2
78,1,27,NA,1,NA,NA,NA,NA,1,NA,NA,NA,NA,NA,NA,NA,NA,NA,NA,NA,1,NA,NA,NA,NA,NA,NA,NA,1,NA,NA,NA,NA,NA,1,3,6,4,5,6,4,5,7,8,7,4,6,6,5,6,7,1,4,5,3,6,5,4,7,7,7,7,7,7,5,6,5,1
165,1,24,NA,NA,NA,NA,NA,NA,NA,NA,NA,NA,NA,NA,NA,NA,NA,NA,NA,NA,NA,NA,NA,NA,NA,NA,NA,1,NA,NA,NA,NA,NA,NA,10,6,9,8,7,8,6,4,7,9,5,5,6,5,7,7,7,3,7,9,9,8,7,6,9,9,8,8,7,3,9,9,8,3
224,1,20,NA,NA,NA,NA,NA,NA,1,1,1,1,1,1,1,1,1,NA,NA,1,1,1,1,1,1,NA,NA,NA,NA,NA,NA,NA,1,NA,10,7,0,3,0,3,2,1,2,3,3,2,3,2,3,3,3,4,3,4,2,3,4,3,3,4,3,3,5,4,3,4,5,1
218,1,24,NA,1,NA,1,NA,NA,NA,NA,NA,NA,1,1,NA,1,1,1,1,NA,1,NA,NA,NA,NA,NA,1,NA,NA,NA,NA,NA,1,NA,1,4,5,9,4,6,5,5,6,6,5,5,8,5,6,9,6,4,6,4,5,3,3,3,6,5,5,4,5,3,3,8,5,1
148,1,44,NA,NA,NA,NA,NA,NA,NA,NA,NA,NA,NA,NA,NA,NA,NA,NA,NA,NA,1,1,NA,NA,NA,NA,NA,NA,NA,NA,NA,NA,1,NA,10,7,7,5,6,7,8,6,8,6,6,8,9,7,6,7,6,4,9,9,8,10,10,8,6,6,10,7,10,6,7,9,8,2
13,1,22,1,NA,1,NA,1,NA,1,1,1,1,1,1,1,1,1,NA,NA,NA,1,1,NA,NA,NA,1,1,NA,NA,NA,NA,NA,1,NA,12,4,4,0,3,5,3,3,0,4,2,1,2,2,2,0,4,2,7,7,6,6,7,9,4,5,4,7,3,6,7,4,7,2
167,1,19,NA,NA,NA,NA,NA,NA,NA,NA,NA,NA,NA,NA,NA,NA,NA,NA,NA,NA,1,NA,NA,NA,NA,NA,NA,NA,1,NA,NA,NA,NA,NA,13,7,9,10,6,7,7,7,9,10,6,10,10,9,9,7,9,1,9,7,5,6,7,9,8,8,7,7,9,8,7,8,8,1
27,1,33,NA,NA,NA,NA,NA,1,NA,NA,NA,NA,NA,NA,1,NA,NA,NA,NA,NA,NA,NA,NA,NA,NA,NA,1,NA,NA,NA,NA,NA,1,NA,7,7,7,6,7,7,7,9,7,8,7,7,9,6,7,4,7,2,3,5,3,5,6,6,7,7,3,4,4,5,5,3,5,2
107,1,27,NA,NA,NA,NA,NA,NA,NA,NA,NA,NA,NA,NA,NA,NA,NA,NA,NA,NA,NA,NA,1,NA,NA,NA,NA,NA,NA,NA,NA,NA,1,NA,10,3,5,6,5,5,7,6,5,5,5,4,6,1,6,2,4,1,6,4,7,4,4,7,4,6,6,7,6,0,6,6,7,4
140,1,22,NA,1,NA,NA,NA,NA,NA,NA,NA,1,1,1,1,NA,NA,1,1,NA,1,NA,NA,NA,NA,NA,NA,NA,NA,NA,NA,NA,1,NA,2,5,8,8,6,8,6,6,7,5,8,7,5,7,7,8,7,1,9,5,7,8,5,8,8,9,8,10,10,7,7,9,7,2
243,1,22,NA,1,NA,NA,NA,NA,NA,NA,1,NA,NA,NA,NA,NA,NA,NA,NA,NA,NA,NA,1,NA,NA,NA,NA,NA,NA,1,NA,NA,NA,NA,2,4,9,10,6,10,4,8,9,10,10,9,8,2,8,7,7,1,6,7,2,6,6,6,8,6,7,5,7,0,6,8,6,1
42,1,27,NA,1,NA,NA,NA,NA,1,1,1,1,1,1,1,1,1,NA,1,1,1,1,NA,NA,NA,1,1,NA,NA,NA,NA,NA,1,NA,13,4,10,7,5,8,8,7,8,8,9,6,8,7,8,5,5,1,7,7,4,6,7,6,7,7,7,6,4,8,6,7,6,1
116,1,33,NA,NA,NA,NA,1,NA,NA,NA,NA,1,1,1,1,NA,1,NA,NA,NA,1,NA,NA,NA,NA,NA,1,1,NA,NA,NA,NA,NA,NA,13,4,9,7,7,6,7,5,5,7,6,6,8,7,6,8,5,3,10,7,6,9,10,7,8,7,7,7,6,8,7,9,6,1
113,1,29,NA,NA,NA,1,NA,NA,NA,NA,NA,NA,NA,NA,NA,1,1,1,1,NA,1,NA,NA,NA,NA,NA,NA,NA,1,NA,NA,NA,NA,NA,2,5,9,7,8,9,10,8,7,5,9,8,9,10,7,7,9,1,8,9,7,6,10,7,6,8,9,9,5,9,7,8,9,2
77,1,21,NA,NA,NA,NA,NA,1,NA,NA,NA,NA,NA,NA,NA,NA,NA,NA,NA,NA,NA,NA,NA,NA,NA,NA,NA,NA,1,NA,NA,NA,NA,NA,12,4,7,6,6,6,8,7,7,9,6,7,6,1,8,9,7,1,4,5,6,5,5,7,5,6,6,7,6,0,7,4,7,2
84,1,24,NA,NA,NA,NA,NA,NA,NA,NA,NA,NA,NA,NA,NA,NA,NA,NA,NA,NA,NA,NA,NA,NA,NA,NA,NA,NA,NA,NA,NA,NA,1,NA,1,3,5,8,6,7,8,10,6,9,8,8,9,8,7,8,7,1,8,6,7,8,9,8,4,4,8,8,8,7,6,7,8,4
18,1,32,1,NA,NA,NA,NA,NA,NA,NA,NA,NA,NA,NA,NA,NA,1,NA,NA,NA,NA,NA,NA,NA,NA,1,NA,1,NA,NA,NA,NA,NA,NA,9,3,6,6,5,7,6,4,3,4,6,7,7,8,4,6,5,1,5,7,5,5,6,5,4,6,8,6,7,6,6,8,7,1
124,1,25,NA,1,NA,NA,NA,NA,1,NA,NA,NA,NA,NA,NA,NA,1,NA,NA,NA,NA,NA,NA,1,NA,NA,NA,NA,1,NA,NA,NA,NA,NA,1,1,3,3,4,4,4,7,4,4,6,3,4,3,3,4,5,2,5,3,4,5,7,7,4,6,4,4,6,1,5,6,5,3
31,1,35,NA,NA,NA,NA,NA,1,NA,NA,NA,NA,NA,NA,NA,NA,NA,NA,NA,1,NA,NA,NA,1,NA,NA,NA,NA,NA,NA,NA,NA,1,NA,12,3,2,4,7,4,2,5,5,4,1,4,3,5,4,4,4,2,5,5,6,7,4,6,6,5,4,5,7,4,4,6,5,1
164,1,20,NA,NA,1,NA,NA,1,1,1,NA,NA,NA,NA,NA,NA,NA,NA,NA,NA,NA,NA,NA,NA,NA,1,1,NA,NA,1,NA,NA,NA,NA,1,6,8,8,8,10,7,7,10,10,7,8,10,7,8,10,9,4,7,8,5,9,9,9,10,8,7,9,10,6,8,10,9,3
232,1,34,NA,NA,NA,NA,NA,NA,NA,NA,NA,NA,NA,NA,NA,NA,NA,NA,NA,NA,NA,NA,NA,NA,NA,NA,NA,NA,NA,NA,NA,NA,1,NA,13,4,3,5,5,5,7,5,5,4,4,6,5,10,7,5,8,1,4,6,6,7,9,6,5,6,5,6,6,9,6,6,6,1
44,1,22,NA,1,NA,NA,NA,NA,1,NA,NA,NA,NA,NA,NA,NA,NA,NA,NA,NA,NA,NA,NA,1,NA,NA,NA,NA,1,NA,NA,NA,NA,NA,1,4,8,8,7,7,7,8,10,9,8,7,9,9,7,9,8,1,7,6,9,6,9,6,7,9,8,6,7,5,7,9,6,1
35,1,29,1,NA,1,1,1,NA,NA,NA,NA,NA,NA,NA,1,1,1,1,1,NA,1,NA,NA,NA,NA,NA,1,NA,NA,NA,NA,NA,1,NA,1,3,9,8,6,5,6,6,8,6,6,7,7,5,6,6,8,0,8,5,4,6,5,6,7,7,8,9,6,2,5,7,5,0
242,1,19,NA,1,NA,NA,NA,NA,1,NA,NA,NA,NA,NA,NA,NA,NA,NA,NA,NA,NA,NA,NA,1,NA,NA,NA,NA,1,NA,NA,NA,NA,NA,1,4,8,7,4,8,6,7,6,4,6,6,6,5,5,8,7,1,8,7,5,6,5,4,5,6,7,6,9,4,6,7,6,1
128,1,26,1,1,1,NA,NA,NA,NA,NA,NA,NA,NA,NA,1,NA,NA,NA,NA,NA,1,NA,NA,NA,NA,NA,NA,NA,NA,NA,NA,NA,1,NA,10,4,7,9,7,9,10,8,7,7,5,10,7,6,7,5,7,3,9,9,7,9,8,8,9,5,7,7,6,6,6,8,7,2
64,1,33,1,NA,NA,NA,NA,NA,NA,NA,NA,NA,NA,NA,NA,NA,NA,NA,NA,1,NA,NA,NA,NA,1,NA,NA,1,NA,NA,NA,NA,NA,NA,9,6,9,8,7,8,8,8,9,9,8,9,9,10,9,10,8,1,9,9,7,8,7,7,8,8,10,10,8,9,8,10,7,1
12,1,27,NA,NA,NA,NA,NA,1,1,NA,NA,NA,NA,NA,NA,NA,NA,NA,NA,NA,NA,1,NA,NA,NA,NA,NA,NA,NA,NA,NA,NA,1,NA,1,5,3,5,4,5,5,6,6,5,5,6,6,5,6,5,6,3,6,4,6,6,5,6,6,5,7,4,6,4,5,3,6,1
38,1,24,NA,NA,NA,NA,NA,NA,NA,NA,NA,NA,NA,NA,NA,NA,NA,NA,NA,NA,NA,NA,NA,NA,NA,NA,NA,NA,1,NA,NA,NA,NA,NA,12,3,9,6,4,9,6,9,8,7,7,8,9,5,7,8,8,1,9,8,7,8,6,9,7,8,7,8,7,5,9,10,6,1
103,1,46,NA,NA,1,NA,NA,NA,NA,NA,1,NA,NA,NA,1,NA,NA,1,NA,NA,NA,NA,NA,NA,1,1,1,NA,1,1,NA,NA,NA,NA,12,2,7,6,5,7,8,7,8,5,7,7,7,8,4,7,8,1,9,8,5,8,10,7,7,6,8,5,8,9,7,8,8,1
198,1,30,NA,NA,NA,NA,NA,1,NA,1,NA,NA,NA,NA,NA,NA,NA,NA,NA,NA,NA,NA,NA,NA,1,NA,NA,NA,NA,NA,NA,NA,1,NA,2,5,9,10,9,10,10,7,10,8,10,10,6,9,7,7,8,2,10,9,7,9,7,7,10,9,10,10,9,9,7,9,8,2
8,1,23,NA,NA,NA,NA,NA,NA,NA,NA,NA,NA,NA,NA,NA,NA,NA,NA,NA,NA,NA,NA,NA,NA,NA,NA,1,NA,NA,NA,NA,NA,1,NA,12,4,6,5,6,6,9,6,5,6,5,6,6,9,7,6,7,1,6,9,10,5,7,7,7,8,8,8,7,9,9,5,8,1
246,1,34,NA,NA,NA,NA,NA,NA,NA,NA,NA,NA,NA,NA,NA,NA,NA,NA,NA,NA,NA,NA,NA,NA,NA,NA,NA,NA,NA,NA,NA,NA,1,NA,13,4,4,6,5,3,6,7,7,6,4,5,4,7,6,4,6,1,6,5,7,4,7,6,6,5,4,5,6,6,5,4,7,0
83,1,33,1,NA,NA,NA,NA,NA,NA,NA,NA,NA,NA,NA,NA,NA,NA,NA,NA,1,NA,NA,NA,NA,1,NA,NA,1,NA,NA,NA,NA,NA,NA,9,6,1,3,0,2,1,3,3,4,1,1,2,1,1,2,2,1,4,3,1,2,0,3,4,2,4,4,2,2,4,4,4,1
186,1,28,NA,1,NA,NA,1,NA,NA,1,1,1,NA,NA,1,NA,1,1,NA,NA,NA,NA,NA,NA,NA,NA,NA,NA,NA,NA,NA,NA,1,NA,1,4,8,8,7,5,5,6,6,6,6,7,8,1,9,6,8,1,5,6,6,3,5,4,7,6,7,2,5,3,6,5,3,1
162,1,36,NA,NA,NA,NA,NA,NA,NA,1,1,1,1,1,1,1,1,1,1,1,1,1,NA,NA,NA,NA,1,NA,1,NA,NA,NA,NA,NA,1,5,8,6,5,6,2,5,5,7,6,5,6,0,3,5,5,2,6,4,3,6,4,5,6,4,5,4,7,1,2,6,3,0
1,1,23,NA,1,NA,1,1,NA,NA,NA,NA,NA,NA,NA,NA,NA,NA,1,1,NA,NA,NA,NA,1,NA,NA,NA,NA,NA,NA,NA,NA,1,NA,12,1,6,5,7,8,9,6,6,4,8,6,8,5,6,7,7,1,6,6,6,7,9,8,7,5,6,5,6,5,5,7,7,1
89,1,24,NA,NA,NA,NA,NA,NA,NA,NA,NA,NA,NA,NA,NA,NA,NA,NA,NA,NA,NA,NA,NA,NA,NA,NA,NA,NA,NA,NA,NA,NA,1,NA,4,2,6,5,6,6,6,5,7,7,7,3,5,2,5,7,7,1,6,6,7,5,7,4,8,7,7,8,5,4,5,7,8,1
68,1,25,NA,NA,NA,NA,NA,NA,NA,NA,NA,NA,NA,NA,NA,NA,NA,NA,NA,NA,NA,NA,NA,NA,NA,NA,NA,NA,NA,NA,NA,NA,1,NA,1,2,6,6,5,6,5,5,6,5,7,4,6,8,4,3,3,1,7,5,7,6,5,4,7,7,7,6,7,6,3,4,6,0
4,1,33,NA,NA,NA,NA,NA,1,NA,NA,NA,NA,NA,NA,1,NA,NA,NA,NA,NA,NA,NA,NA,NA,NA,NA,1,NA,NA,NA,NA,NA,1,NA,7,7,9,9,9,7,7,6,10,8,10,9,5,3,6,9,7,6,7,6,8,6,5,5,7,7,7,8,7,4,7,6,6,2
150,1,24,NA,NA,NA,NA,NA,NA,NA,NA,NA,NA,NA,NA,NA,NA,NA,NA,NA,NA,NA,NA,NA,NA,NA,NA,NA,1,NA,NA,NA,NA,NA,NA,10,6,5,8,5,6,7,7,7,7,7,9,7,7,8,3,6,1,5,6,5,7,8,5,6,6,6,9,6,7,8,5,6,1
51,1,30,NA,NA,NA,NA,NA,NA,NA,NA,NA,1,1,1,1,1,1,1,1,1,NA,NA,NA,NA,NA,NA,1,NA,NA,NA,NA,NA,1,NA,1,3,6,8,5,7,5,7,5,7,8,5,9,4,6,7,7,1,5,6,3,7,6,6,5,7,5,2,8,4,7,8,5,1
210,1,21,NA,NA,NA,NA,NA,NA,NA,NA,NA,1,1,1,1,1,1,1,1,1,NA,NA,NA,NA,NA,NA,NA,NA,NA,NA,NA,NA,1,NA,2,5,8,6,5,4,6,2,4,5,6,5,4,4,5,4,3,0,8,5,7,4,5,3,7,5,7,7,4,4,4,8,7,0
147,1,35,NA,NA,NA,NA,NA,NA,NA,NA,NA,NA,NA,NA,NA,NA,NA,1,NA,NA,NA,NA,NA,NA,NA,NA,NA,NA,1,NA,NA,NA,NA,NA,1,3,9,10,9,6,8,9,7,8,8,5,9,6,7,10,8,2,7,8,7,6,6,7,7,6,9,8,9,8,7,9,8,2
104,1,28,NA,NA,NA,NA,NA,NA,NA,NA,NA,NA,NA,NA,NA,NA,NA,NA,NA,NA,NA,NA,NA,NA,NA,NA,NA,NA,NA,NA,NA,NA,1,NA,7,6,3,6,8,6,4,5,5,7,6,3,8,2,5,5,4,2,4,7,7,4,4,6,5,7,6,6,5,5,5,6,5,1
172,1,25,NA,NA,NA,NA,NA,NA,NA,NA,NA,NA,NA,NA,NA,NA,NA,NA,NA,NA,NA,NA,NA,NA,NA,NA,NA,NA,NA,NA,NA,NA,1,NA,7,3,9,5,3,6,6,5,7,7,7,6,7,5,1,6,5,1,9,7,5,8,9,5,8,9,8,7,9,6,7,8,7,3
32,1,28,NA,1,NA,NA,1,NA,NA,1,1,1,NA,NA,1,NA,1,1,NA,NA,NA,NA,NA,NA,NA,NA,NA,NA,NA,NA,NA,NA,1,NA,1,4,8,9,7,10,4,9,10,10,10,7,10,4,7,9,8,3,9,8,7,8,4,7,7,8,8,6,8,5,7,8,7,2
45,1,24,NA,NA,NA,NA,NA,1,NA,1,NA,NA,NA,NA,NA,NA,NA,NA,NA,NA,NA,NA,NA,NA,1,NA,NA,NA,NA,NA,NA,NA,1,NA,2,5,5,6,6,5,5,4,3,5,5,5,6,5,5,5,5,1,6,5,5,5,4,5,6,5,5,6,5,6,5,7,5,1
15,1,21,1,NA,NA,NA,NA,NA,NA,NA,NA,1,NA,NA,NA,NA,NA,1,NA,NA,1,NA,NA,NA,NA,NA,1,NA,1,NA,NA,NA,NA,NA,1,4,9,8,8,8,8,9,10,8,8,8,10,6,10,10,9,1,7,10,8,8,7,9,10,7,8,6,8,5,8,9,10,1
175,1,28,NA,NA,NA,NA,NA,1,1,1,NA,NA,NA,NA,NA,NA,NA,NA,NA,NA,NA,NA,NA,1,NA,NA,NA,NA,NA,NA,NA,NA,1,NA,2,5,6,7,7,8,7,8,8,7,8,7,6,9,8,7,8,3,6,7,6,8,6,7,7,9,6,8,7,8,8,7,7,2
98,1,20,NA,NA,NA,NA,NA,1,NA,1,NA,NA,NA,NA,NA,NA,NA,NA,NA,NA,NA,NA,NA,NA,NA,NA,1,NA,NA,NA,NA,NA,1,NA,2,5,10,7,8,8,9,9,10,10,6,8,8,6,9,9,9,3,8,5,7,8,5,6,8,6,7,8,5,6,6,7,7,5
221,1,24,1,1,1,1,1,NA,1,NA,NA,NA,NA,NA,NA,NA,NA,1,1,1,1,NA,NA,NA,NA,NA,1,NA,NA,NA,NA,NA,1,NA,11,3,5,4,7,2,3,6,3,4,3,4,4,2,2,4,5,0,4,4,5,4,0,4,5,5,4,4,4,0,5,5,5,0
153,1,31,NA,1,NA,1,NA,NA,NA,NA,1,NA,NA,NA,NA,NA,1,NA,NA,NA,NA,NA,1,NA,NA,NA,NA,1,NA,NA,NA,NA,NA,NA,8,5,5,5,5,5,4,6,4,6,1,1,8,5,1,5,6,2,8,6,8,7,6,3,7,7,7,6,5,5,7,5,8,2
152,1,31,1,1,1,1,1,NA,NA,1,NA,NA,NA,NA,NA,NA,NA,NA,NA,NA,NA,NA,NA,NA,NA,NA,1,NA,NA,NA,NA,NA,1,NA,2,7,9,8,9,9,7,9,5,6,8,8,6,7,9,10,10,3,9,10,9,9,8,8,7,8,7,8,9,7,8,10,8,2
99,1,30,NA,1,NA,NA,NA,NA,NA,NA,NA,NA,NA,NA,NA,NA,NA,NA,NA,1,NA,NA,NA,NA,NA,NA,1,NA,1,NA,NA,NA,NA,NA,13,3,9,10,8,8,5,7,7,8,8,7,5,3,8,9,6,0,6,8,9,7,7,4,7,7,7,8,5,2,7,7,6,1
190,1,22,NA,1,NA,NA,NA,NA,NA,NA,NA,1,1,1,1,NA,NA,1,1,NA,1,NA,NA,NA,NA,NA,NA,NA,NA,NA,NA,NA,1,NA,2,5,5,6,5,6,5,8,7,6,5,5,8,6,5,7,5,3,5,4,4,3,6,6,4,7,5,4,8,1,5,6,7,1
125,1,19,NA,NA,NA,NA,NA,1,NA,NA,NA,NA,NA,NA,NA,1,NA,1,NA,NA,1,NA,NA,NA,NA,NA,NA,NA,NA,1,NA,NA,NA,NA,2,7,10,9,5,8,6,8,4,8,9,6,7,7,5,10,6,1,8,8,7,5,6,7,5,9,5,7,8,7,5,9,5,0
133,1,26,NA,NA,NA,NA,NA,NA,NA,NA,NA,NA,NA,NA,1,NA,NA,NA,NA,NA,1,NA,NA,NA,NA,NA,NA,1,NA,NA,NA,NA,NA,NA,9,6,10,7,2,7,6,6,9,8,6,8,8,7,6,7,8,1,9,7,7,7,7,7,9,10,8,8,8,7,9,8,8,3
176,1,21,NA,NA,NA,NA,NA,1,NA,1,NA,NA,NA,NA,NA,NA,NA,NA,NA,NA,NA,NA,1,NA,NA,NA,NA,NA,1,NA,NA,NA,NA,NA,2,4,3,4,5,5,5,6,5,6,5,4,6,3,5,4,7,3,6,8,7,6,8,8,5,7,8,6,8,5,7,7,7,2
53,1,20,NA,NA,NA,NA,NA,NA,NA,NA,NA,NA,NA,NA,NA,NA,NA,NA,NA,NA,1,1,1,NA,NA,NA,NA,NA,NA,1,NA,NA,1,NA,2,6,6,6,7,8,7,7,5,8,8,6,8,6,6,7,6,1,5,5,4,4,4,5,6,7,5,6,5,6,7,7,5,0
184,1,35,NA,NA,NA,NA,NA,NA,NA,NA,NA,NA,NA,NA,NA,NA,NA,1,NA,NA,NA,NA,NA,NA,NA,NA,NA,NA,1,NA,NA,NA,NA,NA,1,3,8,10,7,7,8,8,7,7,7,7,7,4,8,6,8,0,4,3,2,4,2,6,6,6,4,3,5,4,5,5,2,1
145,1,26,NA,NA,NA,NA,NA,1,NA,NA,NA,NA,NA,NA,NA,NA,NA,NA,1,NA,NA,NA,NA,NA,NA,NA,1,NA,NA,NA,NA,NA,1,NA,11,7,5,6,3,7,5,6,4,6,6,7,7,7,5,6,5,1,5,6,4,3,4,6,5,5,6,6,6,6,8,5,6,2
